Condition,Measurement 1,Measurement 2,Measurement 3,Measurement 4,Measurement 5,Measurement 6,Measurement 7,Measurement 8,Measurement 9,Measurement 10,Measurement 11,Measurement 12,Measurement 13,Measurement 14,Measurement 15,Measurement 16,Measurement 17,Measurement 18,Measurement 19,Measurement 20,Measurement 21,Measurement 22,Measurement 23,Measurement 24,Measurement 25,Measurement 26,Measurement 27,Measurement 28,Measurement 29,Measurement 30,Measurement 31,Measurement 32,Measurement 33,Measurement 34,Measurement 35,Measurement 36,Measurement 37,Measurement 38,Measurement 39,Measurement 40,Measurement 41,Measurement 42,Measurement 43,Measurement 44,Measurement 45,Measurement 46,Measurement 47,Measurement 48,Measurement 49,Measurement 50,Measurement 51,Measurement 52,Measurement 53,Measurement 54,Measurement 55,Measurement 56,Measurement 57,Measurement 58,Measurement 59,Measurement 60,Measurement 61,Measurement 62,Measurement 63,Measurement 64,Measurement 65,Measurement 66,Measurement 67,Measurement 68,Measurement 69,Measurement 70,Measurement 71,Measurement 72,Measurement 73,Measurement 74,Measurement 75,Measurement 76,Measurement 77,Measurement 78,Measurement 79,Measurement 80,Measurement 81,Measurement 82,Measurement 83,Measurement 84,Measurement 85,Measurement 86,Measurement 87,Measurement 88,Measurement 89,Measurement 90,Measurement 91,Measurement 92,Measurement 93,Measurement 94,Measurement 95,Measurement 96,Measurement 97,Measurement 98,Measurement 99,Measurement 100,Measurement 101,Measurement 102,Measurement 103,Measurement 104,Measurement 105,Measurement 106,Measurement 107,Measurement 108,Measurement 109,Measurement 110,Measurement 111,Measurement 112,Measurement 113,Measurement 114,Measurement 115,Measurement 116,Measurement 117,Measurement 118,Measurement 119,Measurement 120,Measurement 121,Measurement 122,Measurement 123,Measurement 124,Measurement 125,Measurement 126,Measurement 127,Measurement 128,Measurement 129,Measurement 130,Measurement 131,Measurement 132,Measurement 133,Measurement 134,Measurement 135,Measurement 136,Measurement 137,Measurement 138,Measurement 139,Measurement 140,Measurement 141,Measurement 142,Measurement 143,Measurement 144,Measurement 145,Measurement 146,Measurement 147,Measurement 148,Measurement 149,Measurement 150,Measurement 151,Measurement 152,Measurement 153,Measurement 154,Measurement 155,Measurement 156,Measurement 157,Measurement 158,Measurement 159,Measurement 160,Measurement 161,Measurement 162,Measurement 163,Measurement 164,Measurement 165,Measurement 166
Illuminance (lx),0.17480207119059044,0.6122879088594216,2.0644345371248707,4.624122384482338,18.636384563693365,33.408526259134895,45.74407555199179,62.05418244020987,71.62702366453715,89.23397569161457,100.27373730004845,118.46039520331615,131.38714733212495,138.52663505260207,139.24173542380254,0.8952026566494686,3.8118066073432364,8.588464172276474,23.15174381384793,59.024126510530884,103.39578961554587,136.63175820534556,182.81642007530826,218.7069416421172,260.81312147103597,298.0768648777296,345.9092839689149,391.3627563564675,419.5847741574578,422.1779082164687,0.7958782065436886,5.165771283705801,18.4389280694024,47.99445937482939,104.72097015801783,213.55648593948032,310.7935990433657,391.15667191202886,476.3098294783321,572.4585309076948,658.7251237378771,740.6301153843048,834.7809211047561,909.2631044307636,916.51341823044,1.5354499863127937,8.404325506485007,28.276870687168074,85.53106089791798,145.68129162383494,283.5620084660483,408.6621541024314,512.3434806644334,625.3618289928052,752.3140808195401,857.8906241584032,974.2197091613888,1097.3946837876263,1201.8920781809738,1205.6006503763667,0.6156532898329019,18.501201441274148,87.50410479200127,106.57179972518784,565.4432812313677,977.5096554464598,1374.6007492316587,1784.6502360241407,2182.8889226245446,2553.0639678256225,2917.1999250621866,3275.651534353887,3646.6557221623775,4039.9881982343386,4079.4947416500454,1.0272187262287371,21.414065557764882,104.322916003093,278.44824006055893,721.3011747236822,1221.8505986409132,1731.6914919870371,2235.332851545598,2690.3322249377998,3132.6555601652253,3594.2563097232255,4061.181537494418,4454.530832682756,4938.744704773446,4978.717711554143,1.7812325108373637,27.05635745605602,129.23343118031,278.8123456331091,1011.038949871117,3105.445081762005,4794.554441719325,6380.069824407153,7955.355574908447,9553.843802012529,11248.404756837974,12847.17102149279,14349.788029887632,16404.84681607216,16534.026490694596,0.0012999624209771865,4.529156197654139,51.64448675591656,111.18104400405092,573.4568650953016,2147.1209438038136,3641.44550634864,5065.020341329548,6467.1709917964245,7859.5380573774755,9265.212362295499,10616.893974132965,11866.90921727306,13699.915830983664,13899.654220910728,3.712824114563149,13.373640574070292,13.323206606950771,13.593196803644897,190.30070346434385,380.3582606750067,541.7525190829429,666.1371493153268,793.1025344263404,939.1695145008489,1050.2734033514967,1187.3601102861687,1297.3095932822373,1360.7004436636178,1365.9427472054495,1.1614505724393196,5.789123059198191,16.689154634480012,50.1619861775178,107.01577118131819,240.59911379202933,362.0490543744567,453.3586044715208,564.756353334529,672.5637679130764,761.6661841803787,869.1984946506631,950.8717875739542,1048.4186101488622,1058.58967392633,12.108439797327462,109.92464404733501,440.68919445824224,768.9909124330909,3630.567976944086,8663.661312923592,13278.477676312725,17538.5976820648,21671.656075658597,25731.63128508082,29639.006164365983,33373.17691999119,36649.63296148657,40698.71609733325,40770.20152508067,0.0006353903542536426
CIE 1931 xy chromaticity [x],0.1718842374691891,0.17035681124520072,0.17195977675855256,0.17128812519477649,0.17174754135328515,0.171668874098381,0.17173087957497457,0.17162385888144382,0.17143458518266957,0.17142873114153798,0.17134892373236713,0.17133144073456305,0.17115410159962305,0.1709948746162891,0.17098835717708658,0.16192191129036543,0.1617948908498517,0.16260814579623026,0.162822392389086,0.16383548238655307,0.16399145838623355,0.16398086262142533,0.16392609280996148,0.16391703010958925,0.16354944329452673,0.1635462251655126,0.16345804510361744,0.16352137415550644,0.16337030843048975,0.16345341620922477,0.13624683493885528,0.13730210296214324,0.13752422867572,0.13762737431872027,0.137669281473474,0.13828391382419333,0.13826559562819316,0.13819383076548705,0.13818374000325723,0.13815355702394777,0.13813740049480475,0.13805925915885445,0.13806754126960494,0.13790292659788808,0.13804324438155188,0.09167883886790242,0.09819265701909712,0.09799892833749085,0.10749861953428892,0.11424099870795333,0.12139184867572404,0.12303743825637092,0.1237275106812723,0.12423520297326829,0.12447659434068532,0.12449846903274005,0.12453851252412661,0.12460234157878938,0.12493654365139333,0.12487857996261122,0.13465358437121203,0.12558904092422668,0.12054082239511593,0.12046440807324713,0.10437701174496204,0.10036289159197648,0.09869677247055514,0.09820705348252601,0.09798716840498717,0.09784951955578887,0.09806624548591525,0.0983632499853777,0.09860335279734367,0.09876510644747387,0.09925312287752096,0.24983741590684527,0.25057282210212406,0.2421033599723679,0.22876748320641196,0.21017237167617267,0.19918800928901595,0.19366515789852795,0.19106603222269591,0.1901943688409208,0.18935731679347623,0.18913464210915862,0.18895472831931637,0.18886055738998112,0.18869139826178088,0.18890283633350669,0.4123969385067803,0.4153264869179022,0.41448826109638703,0.4141724078107971,0.4139097766585019,0.41375759181857547,0.4141030131082935,0.4143544631843237,0.41455839086243756,0.41485682713988276,0.4151763420292435,0.4154153282183305,0.4158700255991704,0.4161648157539347,0.416217786286034,0.2745401915806575,0.5749863525941392,0.5714339376143177,0.5715249886622005,0.5714556924125679,0.5706181864923182,0.5702630504051933,0.5697865145539165,0.569489129547266,0.5688987121447501,0.5686407740833114,0.5679916422364486,0.5676927954102448,0.5668608193376311,0.5667807908960029,0.6945320767155257,0.6963183979882037,0.6970432155678963,0.6951406160724053,0.6963100105248581,0.6967860567493616,0.6971563813983862,0.6974830798486732,0.6976424320154093,0.6977497284627145,0.6980496945712164,0.6982395023183204,0.6985632131110106,0.698751248833464,0.698560270131513,0.7205551779553572,0.7192316170621037,0.7140443533512697,0.7193483287463668,0.7198199297302482,0.718548604502882,0.7171943458008485,0.7192458145099773,0.7192640386839982,0.7194634106635114,0.7193986242006604,0.7197392580231431,0.7197816279051119,0.7198113033848917,0.7196348848065663,0.27225744295976106,0.2669015752025167,0.2685723882530772,0.2794723541084878,0.29806042535915084,0.3242458137345902,0.3345105087976077,0.33583404827358637,0.33910636911084724,0.337909922755973,0.3380797302454017,0.3370366129041136,0.33444383408892453,0.3357446836945516,0.3355470830968638,0.20061787133581965
CIE 1931 xy chromaticity [y],0.01770359097139287,0.01193245404502369,0.015662657595776747,0.014108605262012117,0.014773850032422882,0.014842788756383205,0.015094002666446902,0.015235814306931137,0.01484270875968558,0.01516341568408952,0.015037650899568137,0.015341371673297634,0.015096827778307637,0.014961873292311509,0.014979787082620911,0.027440544076467913,0.028731857313239285,0.028087205255436357,0.026286450415415035,0.02617276116922418,0.026201114559122246,0.026145973141380844,0.02615793280976501,0.026472396069631754,0.026052105961034154,0.02633181100374801,0.026435711984799704,0.02673412634525061,0.02674874290735862,0.02685163761342435,0.06625226120775467,0.06900155785801704,0.06916660511208622,0.06920308925724739,0.06936754758844028,0.06948692170963533,0.0692325080530622,0.06924083993894024,0.06941816551969211,0.06960737450879588,0.0699478172338954,0.07015108942775083,0.07053694968200039,0.07034607179314224,0.07055661975487033,0.22571668207569845,0.23634951954855393,0.22384016765646447,0.1829867277174118,0.15274810215490142,0.12981092865355165,0.12343425838938445,0.12111396248674454,0.12000026476695907,0.1192909515732015,0.11891662827120171,0.1188326828043492,0.11864582182812354,0.11811910756031832,0.11819126180516765,0.7252200393790308,0.7206302860976421,0.7152360524942242,0.7134565519277002,0.6664640828799393,0.6345436797309904,0.6202666266818919,0.6122026504424422,0.6076456839069033,0.6046495559319279,0.6030508648397234,0.6009680300506851,0.5993765503512585,0.5963791858615507,0.5952176478744471,0.7178063383931444,0.71546780027434,0.7207993651967138,0.7270734267599712,0.7316781168023277,0.7302193001838841,0.7281155207812329,0.7270839967116999,0.7255311937894701,0.7258574795659463,0.7249600580639771,0.7239991389883917,0.7231498357199735,0.7217939590220432,0.72111445813379,0.5604451827874549,0.5549777070285453,0.5535457833091165,0.5537277121801809,0.5534293586363809,0.5530670728721278,0.5529513225637523,0.5528768381076599,0.5526764444920005,0.552616857191319,0.5523427054597032,0.552120829695515,0.5521391248644859,0.551853088338265,0.551841446199523,0.4166016188953768,0.42380249729451697,0.4219999765847073,0.4221667192541994,0.4227466673737241,0.4232415376199539,0.42371589885931676,0.4240751092956051,0.42446701439176504,0.4246862514368605,0.4250261984293956,0.4252914521823559,0.42569643200643753,0.42620112207425853,0.42641939913821736,0.30404958798202714,0.30349798117683613,0.30283335447770976,0.30423793446111913,0.30353671118527736,0.3030956399391671,0.3027044018758555,0.3024015230361606,0.30224511041234925,0.3021371188504027,0.30183902868792417,0.3015348441207146,0.3013251185233738,0.3011372514265815,0.30127061122584814,0.2787404363643974,0.28016825152809105,0.2807216436887181,0.2802852473203852,0.28004098908589514,0.2801067963212834,0.2793582035352722,0.28050902992549315,0.2804698873618995,0.2803191216965047,0.2803447549241597,0.28022838990410676,0.2801837713166861,0.2801482505557258,0.28029359256852177,0.14368392296518695,0.23026419486412497,0.29996545841096134,0.22069928886296072,0.29822953262942464,0.31644424868518056,0.325868898393468,0.3269650881239092,0.3306107782866215,0.3289246111330005,0.33120118315333447,0.33064142942475283,0.32935769174690965,0.33425653626785,0.3349096050296597,0.19229404834362476
CIE 1964 x₁₀y₁₀ chromaticity [x₁₀],0.16852820831673218,0.16696458647495438,0.16848046054048427,0.16787381612815533,0.16832772798909176,0.16824522966149102,0.16828334242293944,0.1681634968339706,0.16795999197329797,0.16793183071042098,0.16781499069454936,0.16778086710710907,0.16758149685509804,0.1674082468394409,0.16740488316615273,0.15640902871146833,0.15645986213349064,0.15723423773483594,0.1575264809249145,0.15857715132988123,0.15875561466703425,0.15874032799093624,0.15868706887030087,0.15867996711155724,0.15830654655845633,0.15830205962226612,0.1582047179966064,0.15825507098685052,0.158117886638416,0.15819739710481606,0.12893595959588017,0.13000122715866708,0.13023058168581253,0.13039363604225207,0.13044790681563775,0.1311564555488098,0.13114299207013394,0.1310781495541633,0.1310692622860458,0.13103436463171872,0.13101346832120156,0.1309361534903685,0.13093830499626005,0.13076176491272845,0.1309051034266501,0.08116582697027624,0.08782341616703605,0.08717558922123908,0.09688595296750864,0.10426636671481919,0.11223450514363993,0.11408334637303111,0.11484895060349197,0.11542222922672646,0.11570565529952265,0.11573296375833167,0.1157943149829324,0.11589016731481695,0.11629647547253116,0.1162312516773873,0.17001530385370334,0.16027923898137347,0.15426719083205293,0.15383746985886898,0.13059812349899813,0.12265105726031629,0.11928429054319536,0.11794030688780306,0.11726426117324024,0.11688342279800502,0.11695483476698693,0.11710979773445024,0.11726984909259401,0.11720228241707066,0.11762109294829437,0.2939285000260803,0.2940571264228401,0.2855923175557684,0.2721377606968066,0.2526497824524506,0.24056018440711538,0.23437440755499103,0.23143224286746106,0.23027255885536216,0.2293859320218751,0.2290107218456054,0.22869960163560532,0.22848529805479814,0.22810028040431166,0.22824496388864865,0.4364198664337394,0.4383950768178331,0.43742464629347033,0.43707949406850466,0.43674238539541554,0.4365454787197124,0.436894727907397,0.43715163809945706,0.4373530396816792,0.4376587941310477,0.43796544940756577,0.4382036193995243,0.4386748415134864,0.4389653403726652,0.4390178982237651,0.2827348207568486,0.5851723513000545,0.5813660940593136,0.5814861174052596,0.5814776008628324,0.58069350063758,0.5804026736745628,0.579966557809676,0.5797199903149893,0.5791477015295985,0.5789360122971356,0.5783111159230133,0.5780634945287385,0.5772883088713243,0.5772399572271596,0.6844309997693677,0.6862019444813733,0.6868152925355556,0.685052259644694,0.6861844658857449,0.6866109422453458,0.6869209113146275,0.6872042378787722,0.6873385743667902,0.6874261084866292,0.6876840728464625,0.6878256339561141,0.6881217365588235,0.6882838600740637,0.6881061730201103,0.707781812961647,0.7065112299337561,0.70090014138604,0.7066597126861051,0.7072035530671559,0.7058168211567128,0.7042208929331258,0.7066507181768377,0.7066728202711666,0.7068486595217407,0.7067923990311579,0.7071359436186276,0.7071723936713594,0.7071966130043511,0.7070329754810771,0.25879238934437254,0.2615202129949428,0.26974473824221823,0.2740526263555396,0.2971298415373806,0.3240382327217575,0.33475373631179467,0.3362902986049446,0.3398120147300627,0.33862859306490806,0.33909304824692726,0.3381051109865915,0.3355838581020312,0.33737544293751437,0.3372719080783717,0.196900175621542
CIE 1964 x₁₀y₁₀ chromaticity [y₁₀],0.03003275137830824,0.02505242650926808,0.028284455230954873,0.026925907625025464,0.027455998923700757,0.027556839505006425,0.027804103192308,0.027974481510884778,0.02766262062499636,0.027994562903180257,0.027936522372388015,0.02823959013580601,0.02806896303014981,0.028000234015885243,0.0280078487177473,0.04711092600203098,0.04807720233183077,0.047123632472940866,0.044811656420716224,0.04422669164831396,0.04414611937448208,0.04411273881915749,0.044145225650736176,0.04449490798363199,0.044194315727014336,0.044508879727633434,0.04468485741086499,0.04503806230832281,0.04508345333713042,0.04518061235586167,0.1096720161020603,0.11257506723044022,0.11255817870238868,0.1122902925562046,0.11231142508993643,0.11187377385221947,0.11150020258965335,0.11148591246362856,0.11166701157009293,0.11189040755093312,0.112286852602908,0.11252453682858034,0.112963051450972,0.11280252301535111,0.11299277387041501,0.31483377080904,0.3247339415180522,0.31172042568550684,0.2615331110612745,0.22291296621009712,0.19196699138795037,0.18351307760212393,0.18040635550746242,0.17877923316629662,0.17775851841659313,0.17728315774853332,0.17710096911605855,0.17676260214992343,0.17582970777199325,0.17594297414137192,0.730982998040769,0.7295502660193752,0.7276115389145682,0.7267312564276085,0.699645082533463,0.676681597498185,0.666330318056699,0.6600098806771407,0.6563528535082495,0.6537681672917517,0.6523831133885937,0.650399379293392,0.6488066426960896,0.6461220067573247,0.6448837988464515,0.6842894006861525,0.6827602114503927,0.6891398596533779,0.6974066246152819,0.7066611928807561,0.7092741873317158,0.7094383144939838,0.7096378233729916,0.7087941176121643,0.7095177991963871,0.7089949486460668,0.7083534228967008,0.7077511846232629,0.7069206855086307,0.7063123642729677,0.5438669005969152,0.5398110071823189,0.5382948440922646,0.5384378329972735,0.5379914192021493,0.5375223553423221,0.5373632683519519,0.5372576832445229,0.5370549736595991,0.5369880603355707,0.5366899135708585,0.536450628788249,0.5364539787472482,0.5361337387089511,0.536120373259035,0.3972928113275883,0.41440913916145344,0.41271431032882866,0.41284945802503625,0.4133784868390435,0.4137974423497576,0.4142178049764911,0.4145366993929223,0.4149012050522452,0.4151003974380221,0.4153999587914171,0.41564281649764423,0.4160060539975029,0.41644919747515663,0.4166556119815679,0.3143016748950574,0.3137275693902155,0.3131719396576958,0.3144607310723834,0.31378612966890246,0.3133864708275595,0.3130495589134198,0.31279316506669463,0.3126613945261139,0.3125732647223775,0.31231578658815906,0.3120649757591336,0.3118760644132923,0.31171255644882195,0.31182763569798944,0.29147278914552577,0.29290595276333165,0.29318269598817354,0.292857881541332,0.29266473204161725,0.292624810924906,0.2918518741257522,0.2931362443638366,0.2930602206748067,0.2929633566936074,0.2929634061816009,0.2928625901355831,0.29282431937084774,0.2927934545248359,0.2929223422892934,0.16129643651711106,0.2423788956464257,0.30915428278632506,0.2295769815845284,0.3049454961533847,0.3209734370451813,0.33023206977267483,0.33089083524991386,0.33443344762631305,0.33282559861372674,0.33503636759606914,0.334489239240962,0.3334241598484461,0.3381354478715931,0.33877380789210976,0.21322256530029854
S-cone-opic irradiance (mW ⋅ m⁻²),6.729246015434285,35.31100998689031,90.13010607996321,225.17398931500026,867.4377359293308,1547.0948128953228,2080.410129357316,2791.8533924287967,3307.1147093812324,4025.2540821967937,4556.776730997068,5267.639718644307,5932.414883584257,6308.618342722238,6333.030693508656,20.9013537331088,84.95223331434599,196.07131205798345,567.3967975508102,1453.7088531607728,2544.012157975928,3368.6881915248323,4504.729086103522,5321.711512666603,6452.598725795235,7291.507374960245,8424.792950607796,9418.141168630238,10091.458699897175,10112.34198875119,6.816250899400725,42.24038948476943,150.48768761986616,392.0473034199258,854.6051914958974,1742.4731800197414,2548.290157604688,3208.482103337437,3897.025253405771,4670.7585042268265,5346.6354899716325,5993.455117965911,6715.773746296079,7340.194859826434,7372.943063193368,2.97361220326224,15.112340014204218,54.95727381127709,218.2281041206252,470.00986658559736,1121.463951414214,1719.3285709732156,2205.922104404288,2723.195854521218,3300.1364188381876,3778.4383059009265,4295.513921815457,4849.035699748247,5341.442587273287,5354.147443129882,0.05140922109798718,1.761852424520411,9.107949863670987,11.263053517696457,95.95254434175463,210.43289087679625,325.7019246716397,445.4474838995659,560.7449972731443,668.6772707171275,770.8111550791956,876.2039311658342,984.724258484432,1110.5322262916766,1128.1544913587943,0.014834240371816007,0.33703635562660267,1.7764702126330736,5.863795470300369,21.36906397538801,46.86602317459319,76.53277780355774,104.70097280145437,131.6073958260406,153.37151093553027,179.41851192687304,206.9298093868654,230.9891084040777,262.60662297718596,267.47938956870485,0.036664928678554,0.6302873751158778,3.4556433268407853,7.516806550359408,28.35228204428495,89.98958289244038,137.8413225066725,182.25817004917127,227.50123369721683,270.31327706831297,318.5641409968017,364.2700703081163,397.92771259368465,456.26593152521207,459.04889013389084,0.000775694291098963,0.0029470437302481023,0.5281076517282736,1.0859526065371226,5.080441982379208,20.35348229411188,33.65512359356011,47.75294900040594,59.56432582317874,77.31579626971373,89.66482179669391,109.52185812999343,119.90046716430618,145.89525547627304,144.13365999165052,0.010580362269995586,0.0022084564175891934,0.0004318323247673634,0.014527326314079216,0.011363329328691057,0.003970280232056451,0.03982984249094722,0.006768917591952281,0.0033668266606021726,0.00542666263918654,0.004875230436032761,0.2965853211716956,0.011871304734295823,0.017010292609690298,0.21544332878071248,0.0021250794508639132,0.007818686108385315,0.234501876993566,0.05623451225328354,0.03417050361227494,0.920093101333202,3.4788431089927165,0.22169930257463052,0.3710546463672923,0.2972381182902452,0.44275962847611894,0.0036946716263036587,0.008090998176389853,0.026368396753195997,0.11471497005539824,37.73121000628201,181.2094311495361,467.3908302691816,1325.970052844679,3668.5491832065863,7318.277745904957,10238.634964488096,13396.731983220174,16000.826194223426,19265.075365565,21844.532495473624,24759.057813872834,27599.786222375846,29569.397054933313,29510.29415839233,0.00150968266872008
M-cone-opic irradiance (mW ⋅ m⁻²),0.6676781966134493,3.0445493663199437,8.474082226576705,20.422195050198386,79.56659206670702,142.57315907089264,193.20543344773134,261.1952496570286,307.1790605782035,378.1469574225027,428.0526647238197,499.96734625859386,561.6332075633978,597.4408656896501,599.9106022532116,3.5416330238376785,14.638915927741218,32.99757663618364,91.07696951091062,228.64731430246295,398.87504605676,527.9136605798893,706.7377824316447,840.8494062035185,1016.6032483798688,1156.0871144019236,1341.6098356040259,1509.8580623378837,1621.005042489718,1626.4804035863115,2.9053293317680535,18.420741005667363,65.55921513619225,170.21713799823127,370.8202516941179,751.2486495591954,1094.7400006153762,1378.1589838433893,1676.4041398817185,2013.1873945557008,2312.4806468292622,2597.8950601163833,2921.895173473677,3190.055785816572,3208.505399894297,4.4504145768575665,23.691992958289326,81.20489398697288,253.7552429476118,445.3587930988013,884.2852149827386,1284.9574820466737,1615.6041242764952,1972.726857532864,2374.370408598749,2710.0920729839695,3076.9307036100795,3465.310382213341,3792.253860628811,3804.3103274107725,1.13180776876183,34.350756007607025,164.18349084601795,200.3185999818003,1119.4629729012916,1981.4629942741224,2815.855442522394,3674.044533507654,4505.5016425676995,5276.857042360391,6032.130250025499,6775.509309648421,7543.058195906737,8364.202743336025,8443.916833120855,1.5789474327896715,32.932166883224305,162.11360881365,439.99884061887855,1170.408444518966,2018.064458086542,2886.345300112097,3742.8622550072587,4514.062894293303,5263.688900502347,6044.561026194225,6834.672176362626,7500.527622883085,8324.816643828512,8391.691874797029,2.32467572294409,35.21797536444285,168.27979877939376,363.25962793334764,1317.4871597645686,4046.2062422159315,6242.996160077326,8303.514965920662,10349.153864311462,12422.470861089856,14616.196937501662,16684.768407864354,18623.26109716528,21275.84732914149,21441.5818138391,0.0020057776830533533,4.013929529909633,46.014307391380584,99.05257295624158,511.44864304729276,1919.7576833660567,3260.4530097300094,4542.2451746158185,5806.829593201035,7068.711973833573,8341.207774360555,9575.954259797145,10716.1294831428,12402.561166661106,12589.565696639882,1.4228838282413876,5.027767289315416,4.955354989394359,5.195997005759733,71.61131704164573,142.06709126029259,201.14238568674176,246.1056593955598,292.29684934416656,345.5653398340452,384.59808303636333,433.1311914157195,471.17007605899386,492.6882818500308,495.89995365282954,0.25743652917732573,1.3443284671882039,4.153538858603799,11.601922309382035,24.47316285526361,55.85000304868255,84.25578230741422,105.3021681798431,130.8882684615102,155.23466800866876,175.8786169124194,199.43598261890895,217.87217448517262,239.9593366021092,243.42420471898575,18.81224952508864,174.77364473744134,699.8085665103157,1156.4878647839828,5421.96607633453,12281.661022197519,18525.682929838036,24378.419508274055,29974.018147347648,35627.39814599655,41052.91594384304,46289.95176960742,51071.54221192076,56672.396219588496,56805.38731862714,0.0012295694691356208
L-cone-opic irradiance (mW ⋅ m⁻²),0.52756330050371,2.3105442028289236,6.689698302959108,15.882869360672476,62.57381349868528,111.89422536776283,151.76400975669014,204.57404737211618,239.38077434483384,294.5090927959698,332.40325189675195,387.960877287318,433.678039270943,459.37828268702503,461.24134008613765,2.327820829524898,9.66204117297823,21.951514678896768,60.4050648946464,153.79791590671275,268.97812898341283,355.87812220834627,476.0824087346273,566.9841299026443,680.9819126898174,775.1309945238207,898.6860303831364,1013.2765143205087,1085.8089624451936,1091.0958753342213,1.7677406901043968,11.35281936946595,40.46036843467316,105.10392480318956,229.0816861995685,465.74040690352234,678.1397603532907,853.3640886446352,1038.3906495175224,1247.3345351671655,1433.7797904125828,1610.780268629049,1813.3388245656352,1977.0519379125635,1990.9781083250232,2.87127817552965,15.602543529608772,53.00857055502248,164.13183237358012,285.1512395120703,564.1842446519597,817.8421728989799,1027.6697442479579,1255.2773699146744,1510.7319818074907,1723.5711993754392,1956.9325389822006,2203.8965562769304,2413.0633109881956,2420.4242115123575,0.8959974791999851,26.918343648482235,127.86095642624987,155.929590459721,849.4234425297549,1488.277922922561,2105.368649186737,2741.4040628653215,3358.140974039425,3930.4466800012005,4492.796600411975,5046.4457723626865,5618.296405779176,6227.867387826155,6289.528952450228,1.4384093720598983,30.014201360222767,146.11000266125808,389.9272031227043,1013.4556408154351,1723.792200236273,2448.780283855915,3165.2019644806196,3812.8395493511994,4441.423816261485,5098.4624968124845,5763.268084876007,6323.600740750251,7016.1079042369,7073.977765097337,2.7362740818991065,41.71626361899383,199.25917510520236,429.8419502026343,1558.6765372173802,4787.2340870699345,7391.531216136233,9836.111694757987,12265.368793623822,14730.723975163111,17345.013030541202,19811.390694062975,22130.163088875466,25300.989085560323,25500.5482808531,0.0019840569004175974,7.804045057884227,88.94321761773179,191.4584873821991,987.1535602146064,3693.350866952549,6260.76850046653,8704.466097770053,11109.778366161283,13496.148806823854,15904.262267855378,18216.320203387248,20352.639948231343,23479.960783070514,23818.269960176847,7.421583520968848,26.770552471076776,26.699054922729335,27.176241082069197,380.5825096646867,760.8487759736468,1083.9706565104939,1333.1395912840899,1587.1717088417956,1879.1430568312626,2101.9054526402524,2376.56088818502,2596.8229902539306,2723.9620470336913,2733.7400811302123,2.354884291767303,11.72157531114224,33.68417974637205,101.5295284805269,216.7018854343197,486.90741671407005,732.8288122436103,917.244762805602,1142.5858913619938,1361.072447310532,1541.165630579882,1759.0263836481065,1924.3349638844131,2121.755048540416,2141.8884945357836,23.021310700310103,185.81478504193242,712.7133278264736,1311.1862502886377,5970.146288907053,14275.600450510496,21893.68157715376,28905.482687260814,35704.67228094087,42398.81454093951,48776.296899437504,54898.387728069414,60257.218729674496,66780.09502474288,66866.63775694727,0.0010725621257693498
Rhodopic irradiance (mW ⋅ m⁻²),1.9792074695879676,9.989218064354928,26.074215596853286,64.45164630653198,248.50817832738997,444.8483608562777,600.6756465281147,810.2466435603601,959.8170922755436,1175.700791327439,1335.217771525699,1551.9828320861582,1751.833354575981,1868.4586421191732,1875.2946715847359,10.313092063995452,41.85432803609674,94.8442829392082,264.89873238588916,663.2976107674347,1155.0646836481278,1529.8092309010578,2047.7971546202593,2428.7293104354526,2950.175960862577,3346.3656703966503,3881.4566434134817,4357.5792853318235,4676.147349830033,4687.866056313718,6.962309599852,43.62935200051454,155.1415592643772,402.4461912496827,875.82333631276,1770.928502106679,2582.5354658840474,3250.4044069784195,3950.844655326342,4740.89958798071,5438.746965759613,6104.819376973076,6856.129426876097,7491.40184554241,7528.2092272363,8.37201521923422,43.90221936645425,152.74462931078602,495.01186580124727,897.141094386465,1830.2678228222217,2684.4490983055694,3386.98494499125,4141.269957494957,4988.789787897869,5698.320987888848,6469.285601791712,7285.887021610131,7974.599112599156,7999.491561512362,1.224412454955253,37.71677653832151,183.42410090997055,224.5818355037142,1364.3875356781966,2504.595959439067,3615.244447114918,4752.111871239424,5849.981974174811,6865.217120383446,7854.5658638945215,8828.829244070448,9830.429949983465,10916.785797435079,11020.613278595563,1.1340814264580703,23.862771322669158,121.04979778498013,343.56914156629006,978.1580806664628,1761.0570084766584,2572.715611053731,3371.1966156382186,4087.06625311566,4779.742968375626,5500.785154548842,6230.5350830477655,6846.914534792019,7620.3614790529,7682.536931024293,1.425750090641243,21.847351024802943,104.50765013060881,225.91139012088283,819.5068061557299,2515.259949496202,3874.5898988176937,5146.302474217205,6407.965780498576,7682.163524552957,9025.353444531818,10289.316265846257,11464.504637685563,13074.486758628667,13173.545382072482,0.001873237908935393,0.9562634462972727,11.472018148575845,24.64285884036483,127.39941957858377,481.7219311425803,820.3898111853943,1148.7002619804846,1473.6049262713764,1806.5121510567,2135.778515080719,2471.198285876746,2772.5840828383543,3235.8638018013303,3287.6427126276053,0.1379981033731675,0.3815407724790494,0.3641471329722446,0.48360816534670226,5.762270263218227,10.946094270416475,15.38800586543498,18.69471516517736,22.28247756789127,26.64400483514981,29.42412595154577,33.79785345466413,36.06185868762348,37.6204668120362,38.55787273212438,0.01708034125614538,0.11938733135311456,0.6123955998863562,0.800854481373772,1.4649407707982465,3.770297756510949,7.182165229477394,7.19178446068507,8.152065613488954,10.116874303671212,11.07151177243504,11.892121857210673,12.984683431017912,14.286189923114508,14.714115688098595,32.06642897365088,226.4274046473253,796.2013468795859,1432.9348127959631,5925.170075332937,12411.943127713294,18234.264396473303,23764.636926162788,28918.533193110106,34430.70460043859,39496.15086181616,44568.99070124853,49440.03530896262,54340.25098175142,54420.427030837294,0.001779195774563383
Melanopic irradiance (mW ⋅ m⁻²),2.463353563038568,12.615906625657235,32.670792657166714,81.06771607041757,312.392102762005,558.9132826850396,753.9798445830469,1015.9897491025347,1204.1848245756953,1472.9325103684835,1672.4417768562128,1941.3587572377191,2191.396144658157,2336.749489131468,2345.192075419328,12.586166879947436,50.8861054482164,115.34743116895979,322.3320118509254,806.53579887429,1404.0451967958882,1859.8456003193046,2489.8809815929435,2951.730671637837,3588.1901316230037,4068.8333034887673,4719.8201085173305,5297.684065994051,5684.968833149591,5698.829135018106,8.501083233445776,53.2043194672005,189.03120576332208,489.81472901287293,1064.5934425283072,2149.5959012732806,3133.6977450183313,3942.988421343505,4790.870121259191,5747.325271562901,6590.491089606834,7395.207839326967,8301.521260420674,9070.18959453049,9113.352969881666,9.273314437685912,48.39351377857577,169.57630280500504,560.708623389576,1030.942236076278,2126.6284720748067,3129.715431827666,3953.799771466261,4836.7623446528405,5828.108070656863,6657.4408566288075,7557.365601609127,8510.501133403724,9314.3470704913,9343.145720329823,0.976487309751639,30.334195373061473,149.05881838669754,182.94882206690835,1172.6651577338596,2205.399559834871,3216.5252721054426,4249.370925456932,5245.215911266319,6164.709163918634,7058.814484808294,7940.155372145898,8845.0922959381,9836.390201574717,9931.764274839905,0.7037531346822484,14.893383922159106,76.93171048092547,224.69194115448357,669.4986007415689,1241.8057854419299,1840.7672835146006,2429.720646233112,2957.3385321369105,3465.767070615339,3996.3823901642286,4534.207302874019,4989.172385559864,5567.30093947484,5614.738232587408,0.898498570094383,13.987513062721018,67.03197946299764,144.99900812915314,526.0494826055339,1613.8926590402002,2483.2572042417173,3295.4051320165786,4100.864064948477,4912.406442753174,5766.048640208272,6568.57634608373,7309.556088501273,8327.36610980178,8389.407004015477,0.0014988271524146164,0.3052777555204867,4.071953259067983,8.678112862257006,44.689889586830674,170.22608665118906,289.81277726712165,408.11016194054054,524.7431892566183,649.8300906836456,767.9339087373646,898.7445575132585,1008.5389241714774,1188.649750700605,1207.2115895795203,0.04523026959565811,0.056309717155572155,0.04981016404257384,0.13412826286330018,0.9913136321310329,1.587269746542834,2.216276120177567,2.6520206404441127,3.177055503930745,3.8891046558744393,4.229994309995552,5.60466126453913,5.225835599244614,5.424340521624235,5.905749690479418,0.004706815972835267,0.051324050041137166,0.3905276867577176,0.19455041340763954,0.22078426271886506,0.9085665771925873,3.265157751192363,1.6793381257252953,1.2627588042551274,2.1328174062817973,2.007101169529977,1.5793764106437338,1.7327050025183208,1.9083881802352383,2.0640775462228103,35.88602900757635,226.6120350873697,749.0877165162117,1448.5027087102096,5549.186702186785,11417.501465436539,16650.915948121114,21645.396450532644,26252.42370662594,31320.894073610038,35854.84635559691,40480.31199928683,45010.20629438731,49242.62930695222,49289.075383733856,0.0018347380263550146
S-cone-opic EDI (lx),8.23361222984278,43.20501331194046,110.27927081205391,275.51308244848326,1061.3590192413164,1892.9578058172947,2545.4991903813943,3415.9901693453367,4046.4414667260394,4925.12551382195,5575.473468342072,6445.254447579633,7258.6443750085355,7718.950536347136,7748.820425118219,25.57398575152082,103.94385129703348,239.90431456647315,694.2419998871865,1778.6948143317065,3112.7424333627227,4121.780096707579,5511.790237776997,6511.41433882605,7895.118659820145,8921.570731514857,10308.209584389951,11523.627183574616,12347.46917824855,12373.021060601102,8.340067615043301,51.683500151045465,184.1301777919506,479.69199888241286,1045.6576769891863,2132.0142631548124,3117.9768073151436,3925.758907413925,4768.2303058698835,5714.936599856538,6541.910231513631,7333.330546262273,8217.128148314827,8981.142616673327,9021.211891467105,3.6383823310121053,18.49080079359589,67.2433257356763,267.0143999583024,575.0835943269043,1372.1744285337986,2103.695527940893,2699.070174466121,3331.98379738477,4037.9031344631344,4623.132483760819,5255.803678302161,5933.068808722215,6535.556422027781,6551.101530100709,0.06290208302508632,2.155725862368135,11.144090617925878,13.780981550678888,117.40335258434091,257.47651667220885,398.5146841279031,545.0301330603771,686.1031468877503,818.1643740422999,943.1309449532314,1072.08495378776,1204.865698041659,1358.7988459713895,1380.360681701776,0.01815053018802869,0.41238300000089156,2.173611551002733,7.174684650676419,26.146255625741535,57.343223994095915,93.64217237145336,128.10754847678962,161.02907537124946,187.65869835221804,219.52867389199716,253.19029879111554,282.62820879993535,321.3140220499322,327.2761269438651,0.044861609232542336,0.7711921704403132,4.228174611626923,9.197236986201538,34.69061699458625,110.10733276242536,168.65663644419402,223.00315584594875,278.36059727604373,330.7435482153203,389.78120301808434,445.7049867066025,486.8870113367786,558.267114213114,561.6722211126104,0.0009491057374277711,0.003605874305025878,0.6461695128949514,1.3287242941788406,6.2162074537297975,24.90363412963626,41.17894286837475,58.42842779101847,72.8803138472288,94.6002396503651,109.70996923557819,134.00617371781777,146.70498753405766,178.5110779142697,176.3556664323657,0.012945670284991159,0.002702171049658621,0.0005283712175615173,0.017775003519291017,0.013903674663974026,0.004857861906012263,0.048734059877436384,0.008282152642371395,0.0041195024085779,0.006639827964493525,0.0059651195467298615,0.3628888767018164,0.014525211237678387,0.02081305289524498,0.26360707018562357,0.0026001546259252772,0.009566603660447173,0.2869262793939782,0.06880609904377193,0.04180953940406005,1.125785830144317,4.256560854248713,0.2712616071457878,0.45400629836722617,0.36368761081356804,0.5417413902746648,0.0045206392243371816,0.009899792842164322,0.03226322139070283,0.14036023920478094,46.16626460705205,221.71996462212624,571.8790556020928,1622.3991838709203,4488.67694112386,8954.325791012201,12527.54764310167,16391.65755628105,19577.91377194051,23571.906833981597,26728.0181906564,30294.10438377791,33769.895893297085,36179.82589166249,36107.51016258039,0.001847181936259338
M-cone-opic EDI (lx),0.45862489145251906,2.091286086220227,5.82080568309092,14.02790601164696,54.653903384787135,97.9328064546443,132.71186837077823,179.41374097501176,210.99979605253978,259.74729769617016,294.02728423761874,343.4251276598191,385.78310653450643,410.3792119706541,412.07566195078647,2.4327304221716046,10.055399835423696,22.665874188681062,62.560325419684936,157.05672318604627,273.9853205163285,362.62131444128204,485.45473013365444,577.5753493284519,698.2998049109934,794.1105910624818,921.5452419240107,1037.1141269262082,1113.4604446073322,1117.2214433958582,1.995656524616702,12.653117006140958,45.03230460130748,116.9213205309942,254.71461932442097,516.0290273150988,751.971558300911,946.6506732964606,1151.5138139652704,1382.8485863171431,1588.4316591696806,1784.481425324578,2007.035520355363,2191.2337349314835,2203.9066847097674,3.0569680312800194,16.273914220805356,55.77924497023865,174.30323671289975,305.914779272947,607.4111941823992,882.6310170286114,1109.7505802717183,1355.0564410975917,1630.9434341797398,1861.549005348438,2113.5286686126155,2380.3047724980443,2604.8806506081,2613.162178741299,0.777433227153933,23.59536648823886,112.77683777825173,137.59786771315268,768.9536471852302,1361.0572507466054,1934.1973471997067,2523.6832412953577,3094.8070676000484,3624.64732342324,4143.440800040159,4654.064244473257,5181.289824745607,5745.330002845979,5800.085221692775,1.0845712779679677,22.620944548918875,111.35504592219107,302.2330540994074,803.9478427560351,1386.1986174306107,1982.6164860147153,2570.9537979989464,3100.6877495861722,3615.6021911111343,4151.979439462517,4694.702928591514,5152.075781909821,5718.275883506764,5764.212152954177,1.5968083973764788,24.1910552278318,115.59057168603759,249.52126379898345,904.9754937361415,2779.319300889399,4288.283563513751,5703.643865016726,7108.783230783209,8532.934547116607,10039.794272016989,11460.685909438713,12792.227067621607,14614.275591714493,14728.117799592352,0.0013777588916847661,2.7571485848872848,31.60700295392823,68.03872846315129,351.3115743345181,1318.6721741321603,2239.589244126807,3120.046020261111,3988.68287952636,4855.463722122152,5729.534870993808,6577.676199746205,7360.856990576331,8519.258675278119,8647.71117334928,0.9773719504196345,3.453548788932193,3.4038091338714653,3.5691049593069337,49.189463833893804,97.58519094783085,138.16372208944534,169.04877514142515,200.77727785978954,237.3671437452918,264.17854436471504,297.51569941221175,323.6444234427145,338.4251738779138,340.6312555493098,0.17683189423994142,0.9234126566778803,2.853045550735325,7.969303755565699,16.810496006795926,38.363094250708585,57.87488525307724,72.33154489116147,89.90651217913248,106.6299350888665,120.81016273918674,136.99160215842392,149.65533228522656,164.8268960411699,167.2068970237687,12.922042295498986,120.05116275030323,480.69508556851906,794.3858645421367,3724.322009960442,8436.212956678284,12725.201101182116,16745.417264597476,20589.00663365805,24472.285736332236,28199.04740644806,31796.341730729666,35080.79284610129,38927.99210217519,39019.34303840481,0.000844585261546485
L-cone-opic EDI (lx),0.32387548979198005,1.4184622673008982,4.1068613233005244,9.750625353542112,38.41458356881325,68.69279385294074,93.16918547179571,125.58970597103904,146.95784461067015,180.80157696036636,204.06511581400338,238.17240325774472,266.23854852449966,282.0161413104447,283.15988771409343,1.4290685318529803,5.931607286368842,13.476217093788412,37.08317079673809,94.41781734194389,165.12790632831477,218.47653357697448,292.270942961827,348.07626421543927,418.0604494310213,475.8593523557304,551.7108145726708,622.0588639447204,666.5871359829088,669.8328156952514,1.085230684708608,6.969590057335319,24.838956067323306,64.52417196607684,140.63514889951327,285.9219021826815,416.31562851725215,523.8872982953526,637.476640029351,765.7490259955573,880.2093159822668,988.8713789442631,1113.2237579912523,1213.728597353621,1222.2779889791482,1.762701508123855,9.578530998702767,32.542401519000094,100.76189444886263,175.05671314434522,346.3573914165524,502.0800993308131,630.8949872838351,770.6251981851884,927.4509051049293,1058.114667673221,1201.3771313273262,1352.9903917378901,1481.3995988711933,1485.918516810134,0.5500602906820921,16.52539463078082,78.49490259895641,95.72647004631787,521.4681029318101,913.6661719511427,1292.5032916372063,1682.97071219795,2061.590621862991,2412.9338457986587,2758.1651303357453,3098.0549531631764,3449.1188042854683,3823.3394905707823,3861.1940369823574,0.8830514545884297,18.425967380551143,89.69814357867693,239.37954701171378,622.16883118699,1058.250341936345,1503.3265450222518,1943.1437621948248,2340.7338519667705,2726.626951670111,3129.988452124282,3538.1181215780516,3882.110990669664,4307.246887242734,4342.7736752366545,1.6798213742958061,25.609960546901178,122.32686176450495,263.883541599837,956.884465686969,2938.922747693542,4537.722375027102,6038.470624751053,7529.811724434472,9043.313736742506,10648.247490587724,12162.377213073029,13585.890835739692,15532.487237993091,15654.998284641393,0.0012180290019877685,4.7909680469958325,54.6029796654041,117.53795481326377,606.021765557125,2267.3787578965207,3843.5377567521646,5343.743998305537,6820.385167780497,8285.397791965599,9763.758636856779,11183.150197230401,12494.654623434879,14414.542845669317,14622.233657998037,4.556171734445675,16.43466440007026,16.390771461596632,16.683720006217897,233.64276212204902,467.0913798226956,665.4585847087395,818.4254622638944,974.3778881023501,1153.6215224586945,1290.3772065272913,1458.990458484277,1594.2111914694328,1672.2629138824966,1678.2657301875536,1.445683015993285,7.195972391190006,20.678997578453853,62.32982039043141,133.03508643773122,298.9165052251548,449.88969147865345,563.1041744737582,701.4429639835598,835.5736744655677,946.13437473389,1079.8808996325163,1181.3652093631815,1302.5630382335532,1314.9231278696673,14.132973752339037,114.07323909488684,437.5406286045249,804.9481239792112,3665.1223684501647,8763.90962671063,13440.71287252184,17745.315783095037,21919.39471872065,26028.98422413964,29944.17358724759,33702.57597001569,36992.40680870401,40996.85471647297,41049.98401821528,0.0006584547929778382
Rhodopic EDI (lx),1.3652497671093902,6.890524538493479,17.985894514926596,44.45849991063742,171.41999401249154,306.85470340532873,414.3437709951216,558.9050457920076,662.0781711022926,810.993923686165,921.0281284939132,1070.551840886343,1208.4079694016227,1288.8556481336334,1293.571115197708,7.113931588727613,28.87095591635821,65.42322479278415,182.7261357156746,457.54016319116687,796.759215280841,1055.256575322174,1412.5626703574449,1675.3282191957576,2035.0201307283105,2308.31028195492,2677.413995193052,3005.8415784467907,3225.588614847786,3233.6721339045353,4.802574619284471,30.09536068001822,107.01605612814947,277.6058484621994,604.139598451945,1221.5797293710978,1781.4231188627941,2242.1165682860155,2725.277581279829,3270.2544618665565,3751.626922626765,4211.081132587119,4729.331940760645,5167.540433282027,5192.930024852208,5.774984181256788,30.28358354878018,105.36266298407492,341.4572978760175,618.8445067006385,1262.5117665789955,1851.7227539777125,2336.3293027157774,2856.6322287496873,3441.248176727615,3930.6800935070073,4462.488544997738,5025.777091225986,5500.8480659853585,5518.0187823472015,0.844595043551193,26.016888666947157,126.52524553260658,154.91569394808087,941.1493206012387,1727.6607444489678,2493.781837077786,3277.988652113378,4035.295263663775,4735.600597096634,5418.049588636492,6090.092754058303,6780.993102554372,7530.357224568322,7601.9770252471335,0.7822850444664562,16.460448685372505,83.49968902905741,236.99268404994413,674.7297149722594,1214.7704106986025,1774.6494204374703,2325.4385733185404,2819.2427201118144,3297.0484775787854,3794.4206287428883,4297.799347366387,4722.975543331352,5256.496296839556,5299.384686575442,0.9834769770798073,15.070219447372404,72.08897864136816,155.83281565428916,565.2926706474028,1735.0167241356203,2672.6773409492444,3549.8998272587314,4420.190366041759,5299.1271122150665,6225.654398319429,7097.531133805733,7908.1715924825,9018.73112170934,9087.0613825157,0.0012921523681632702,0.6596268796541891,7.913354383650557,16.9985500811199,87.87963393536617,332.28995161422245,565.9017641505495,792.3690614778418,1016.4870602585551,1246.1251947598435,1473.251877388184,1704.6231565489754,1912.5179303078746,2232.0865142685943,2267.803409557731,0.09519056561108072,0.2631853702927869,0.2511873040714657,0.33359106877725914,3.9747920598328137,7.550574097497017,10.614587781662218,12.895543250323401,15.370368077944278,18.37893295927307,20.29664990659524,23.31363046410868,24.87533264264566,25.950454584920998,26.597073614887464,0.011781954282415848,0.08235292602224431,0.4224281501411861,0.5524263681218176,1.010510558843899,2.6007370187831884,4.954230194435591,4.960865503450863,5.623263781736449,6.978581325704827,7.637086612255225,8.203140320288565,8.956785128684285,9.854559345146871,10.149740906434257,22.11930045788506,156.1887605074062,549.2166536870601,988.4329710315274,4087.159729200023,8561.711050945696,12577.926065466363,16392.755952784126,19947.893949317964,23750.168771819983,27244.29429171333,30743.519873562043,34103.54787388359,37483.69796368363,37539.00309668468,0.0012272824623940763
Melanopic EDI (lx),1.8574340711277468,9.512728970889977,24.63464616801399,61.12721298195002,235.55194996273607,421.4354730242158,568.5208462502092,766.083279402159,907.9873691955547,1110.6302685414832,1261.0655591308316,1463.836111097099,1652.370948084776,1761.9712338204818,1768.3371683151483,9.490304412037808,38.36947623950829,86.97502944157517,243.04690565350555,608.1494329078115,1058.6874028408051,1402.3730238743758,1877.436449909778,2225.6833937918423,2705.5907459503296,3068.0084747221376,3558.869831231243,3994.5946168239357,4286.617626649673,4297.068662714078,6.410042746692711,40.1174712360997,142.5345542594597,369.33332667295645,802.7317563022101,1620.8524533751774,2362.8914044451794,2973.118088185284,3612.4434295976935,4333.636038866632,4969.405479983022,5576.183301471879,6259.567713973058,6839.1640717981345,6871.710404247162,6.99232560330966,36.48999585875094,127.86504024918187,422.78920764190303,777.3578520700249,1603.534401204527,2359.888634435535,2981.2701335815314,3647.0473860131187,4394.548416874239,5019.887384077733,5698.454564955951,6417.14409362189,7023.265299236537,7044.980246784127,0.7362973900178903,22.87278970082943,112.39431157092095,137.94827526122484,884.2207024932709,1662.9298953880173,2425.3455617156797,3204.1386410107357,3955.032233371242,4648.354589233863,5322.533769646976,5987.088227838326,6669.434724782034,7416.899697814898,7488.814284434967,0.5306485717825056,11.230007395804515,58.00855481790589,169.42369673209362,504.81974258531255,936.3545737860773,1387.987465834906,1832.0739577752809,2229.9118696847877,2613.2805035152583,3013.3785600754863,3418.912841535362,3761.96860845164,4197.892906792681,4233.661886849555,0.67749180710148,10.546956686556515,50.543894460739196,109.33310671270515,396.6552941289425,1216.9179678562,1872.4419457036681,2484.823072992624,3092.1605203529903,3704.0850468667954,4347.753956558195,4952.881180795685,5511.599604424693,6279.055417453356,6325.835900955532,0.0011301555170148757,0.23018754301827388,3.0703610041682525,6.543527792886191,33.697364762825465,128.35499454274333,218.52653830175356,307.7259111058244,395.6703142179912,489.989163143504,579.0425815706401,677.6772881545224,760.4651593350247,896.2735105168655,910.269630470492,0.03410482565468148,0.042459023645518304,0.03755818781734918,0.10113627579963097,0.7474768312277182,1.1968435841025893,1.6711311110236164,1.9996940629256308,2.3955843072667786,2.932488296601715,3.1895281578543053,4.226063585059922,3.940418962910059,4.090096951342897,4.453092262207619,0.0035490643672313293,0.03869969810467725,0.29446825741398125,0.14669618354321487,0.1664772033118085,0.6850833520965449,2.46201574376946,1.2662655895073143,0.9521537069761205,1.6082010221202239,1.5134076376298722,1.1908917990020536,1.3065056332884313,1.4389754195633966,1.5563693402886392,27.05901984850696,170.87149860033583,564.8320516378551,1092.2095486611433,4184.2342903373865,8609.099622261885,12555.233264759037,16321.20433442524,19795.025356498263,23616.786750962863,27035.507299969962,30523.231356448,33938.89207546721,37130.25153962226,37165.2731162156,0.0013834412456577292
S-cone-opic ELR,38.49637461158709,57.670598220154545,43.658495563384164,48.695508161860225,46.545387221684464,46.30838250377179,45.479334848351314,44.99057569759764,46.171326689071954,45.10898512588688,45.443371850815275,44.46751768473626,45.15217054365367,45.540832925932946,45.48227350250378,23.348181082636206,22.286606343220605,22.82961285335518,24.507734800150512,24.62906169227946,24.60460109096578,24.65523561851549,24.64072474588372,24.332613645957462,24.740314787083342,24.461835969561758,24.355498221796466,24.06499089568924,24.051060289690465,23.95279760485752,8.564439688582624,8.17697632452422,8.161411935305814,8.168595052985102,8.1607837494854,8.159308167833125,8.199300646629855,8.202549857206641,8.181702354691907,8.159121145108685,8.116641216950441,8.092372958471953,8.04495356387442,8.072685259149166,8.044555504084917,1.9366389200360914,1.7981621490675395,1.9435415757025927,2.5514485828847864,3.2262884365359303,3.9549160957099447,4.207212617350089,4.305553183859263,4.354592378794754,4.3866471504071205,4.404335703758974,4.409183966841574,4.418679779832666,4.444194852633852,4.441062172169875,0.08350352698016193,0.09522908174978906,0.10408597271317428,0.10568512070491456,0.16969437523919015,0.21527448829207202,0.23694292677615134,0.2495993191875724,0.25688205728715957,0.2619116791212334,0.26422980079528285,0.2674899701560175,0.2700348849768891,0.2748850174307515,0.27654270021254795,0.014441170116005824,0.015739017643213997,0.017028571292815514,0.02105883473720311,0.02962571630855048,0.03835659059030877,0.04419538824189744,0.0468390972418537,0.04891864083034702,0.04895894489193092,0.04991811837166646,0.05095310502040069,0.051854868016473855,0.05317274705926158,0.053724554205586646,0.020584021712762073,0.023295352160377404,0.026739546379600323,0.026960092220058362,0.028042719865440578,0.028977998490760947,0.028749558312918574,0.028566798650374804,0.02859724264428432,0.028293667205588097,0.028320828409303517,0.028354107662979456,0.027730563807972897,0.027812873636722964,0.027763889842092913,0.5967051651507517,0.0006506827324203378,0.01022582825199191,0.00976742587969902,0.008859327164101347,0.009479429816400512,0.009242242822221133,0.009427987605647203,0.00921025992644014,0.009837193446393465,0.009677578698744369,0.01031580972710407,0.010103765434539875,0.010649354147586589,0.010369586012781162,0.002849680443653462,0.00016513502104065038,0.00003241204144819571,0.0010687203697502445,0.000059712492501743035,0.00001043826476914305,0.00007352036416622407,0.000010161447381983652,0.0000042451341591506,0.000005778150328985828,0.000004641867936934855,0.0002497854851298776,0.000009150710667498433,0.00001250112961225392,0.00015772500657255438,0.0018296770446294122,0.001350582122444677,0.014051153706077003,0.0011210583260055878,0.00031930343756883664,0.0038241749391002256,0.009608761760207916,0.0004890153189726375,0.0006570172149041783,0.000441947860516716,0.0005813040380052689,0.000004250665008098723,0.000008509031692940594,0.000025150637825335836,0.0001083658502259125,3.116108320958901,1.6484877683252257,1.0605906297379604,1.7242987289008442,1.0104615053357215,0.8447095842710604,0.7710699384427661,0.7638428240428736,0.7383296476449442,0.7486923449247027,0.7370197358957534,0.7418849536929064,0.7530712859083529,0.7265437313603813,0.7238201690084469,2.375992425150079
M-cone-opic ELR,3.8196240586043486,4.972414647206365,4.104795804462041,4.416447782336239,4.269422097122602,4.2675680443075175,4.2236165255572375,4.209148189305276,4.288591719472621,4.237701553602723,4.2688412364940636,4.2205443042840525,4.274643440911934,4.3128230571888695,4.308410839805293,3.956236051726177,3.8404141226735242,3.842081188706553,3.933914017156412,3.8737941214880744,3.8577494068171223,3.863769796378389,3.8658331792106835,3.844639771788538,3.897822481652885,3.878486560425103,3.878501959272621,3.85795029755629,3.86335525578772,3.8525947756421806,3.650469767711336,3.5659226849185552,3.55547865306668,3.546599757877497,3.5410314775977705,3.5177983298156135,3.5224020185262077,3.523291516687557,3.5195665428902934,3.516739267320508,3.5105396219098135,3.50768218325603,3.500194002525616,3.5083968218568367,3.5007729685934383,2.89844320331444,2.8190237205838753,2.871777958931761,2.9668197761567665,3.0570760880454473,3.1184897432711494,3.144302620507889,3.153361339118235,3.1545367274975784,3.1560892838961716,3.159018173957303,3.1583539879917955,3.157761226118685,3.155236588603087,3.1555310842136124,1.8383849927432705,1.8566770442796359,1.8762947319589733,1.8796586010403629,1.979797107967104,2.0270520943029715,2.048489675344883,2.0586916468813086,2.064008661123543,2.066872240124305,2.0677808874881656,2.068446304067832,2.068486517678145,2.070353261673281,2.0698437840627095,1.5371092762166776,1.5378755049754147,1.553959714937834,1.5801817979642623,1.6226348792060805,1.6516458397870182,1.6667780106721823,1.67440936253377,1.6778830705184253,1.6802641718532008,1.6817278750662288,1.6829270283197775,1.6837974423371243,1.6856138839860106,1.6855126884021512,1.305093921652739,1.3016525015106946,1.3021382876123224,1.3028821485952535,1.3031022790294244,1.3029392359822851,1.3021014227629857,1.3014771302588743,1.3009039969191525,1.3002589448315083,1.29940175993546,1.2987114735182883,1.29780740024709,1.296924474070499,1.2968154989897043,1.5429505120198805,0.88624223911479,0.8909819863029046,0.8909124198602827,0.8918694224059837,0.894107846558954,0.895373280760513,0.8967871535583009,0.8978933138720115,0.8993800808939933,0.9002716233796052,0.9019544024013079,0.9030261618201962,0.9053019974481546,0.9057466823671094,0.383234913461233,0.3759460456162989,0.3719341098267687,0.3822498181124305,0.37630610784927215,0.3735086258102342,0.37128094213060164,0.3694519359091647,0.3685486260053223,0.36794778205477285,0.36618853891670844,0.36478502828542003,0.36319015792284215,0.36208431043315625,0.3630459290240237,0.22165086942671045,0.23221625338439375,0.2488765278753265,0.23128913333543247,0.22868744097352173,0.23212888097733622,0.23271924422780274,0.23227124651707806,0.23176059496931337,0.23081033414920982,0.2309129912360237,0.22944814544238673,0.2291288660914525,0.22887741049163368,0.22995142567008098,1.5536476903688965,1.589940511084862,1.5879866702214467,1.5039031620345806,1.4934208946827918,1.4176063189216495,1.3951661765328507,1.3899868136666222,1.383097721867882,1.38457596221866,1.3850975878266671,1.3870406129024784,1.3935076038985035,1.392486094255487,1.393306512936466,1.93514028172481
L-cone-opic ELR,3.0180609240521896,3.773623763260387,3.240450681606898,3.434785682570236,3.3576154905382776,3.349271515296715,3.3176757410737974,3.296700388716366,3.342045531110799,3.300414337850075,3.314958241778741,3.2750260255459414,3.300764557850371,3.316172969281954,3.3125222023575214,2.600328330388763,2.534766888321364,2.5559301684876514,2.6090935257548877,2.6056788130405053,2.6014417993570906,2.6046515603897347,2.6041556252907307,2.592437741781572,2.6109956004090167,2.6004399732323327,2.5980396364958414,2.589097960557032,2.587817836396803,2.5844456900733177,2.2211196079627284,2.1977007393408456,2.194290702929374,2.189917881610958,2.187543582282494,2.1808768994050047,2.1819617985718827,2.1816426765093166,2.1800739461010012,2.1789081091854494,2.1765980053663765,2.1748781681571683,2.1722331916328983,2.1743452783672335,2.1723392900991105,1.86999133877665,1.8564896751761248,1.8746264797638144,1.9189734191356846,1.9573634770369968,1.9896327004592758,2.0012672196065098,2.0058218422438454,2.007281723504612,2.008113393493528,2.0090803545804863,2.0087178698804338,2.0082989181888915,2.0077204557669535,2.007650054565535,1.4553604991588254,1.454951114062807,1.4611995257842763,1.4631411955302434,1.502225724001818,1.5225199205247921,1.5316219275768221,1.5361015887195046,1.5383929705419201,1.5395018415259916,1.5401058260743652,1.5405929841551609,1.540670914348795,1.5415558368581426,1.5417421398382005,1.4002951224816347,1.4016115379519523,1.400555201667543,1.400357937395834,1.4050381121362685,1.4108043996161876,1.414097311898236,1.4159868684845183,1.4172374378184285,1.4177823673749919,1.4185027603679967,1.4191111703988752,1.4195884995012686,1.4206257508017412,1.4208433124619038,1.5361689533798002,1.541828521697642,1.5418547142588093,1.5416890856341992,1.5416582490873114,1.5415613417815446,1.5416513267259164,1.5416934242834834,1.5417750568320734,1.5418635975668837,1.5419975903691645,1.542081961929154,1.5421944242509316,1.5422874330513365,1.5423072108421316,1.5262417346850492,1.723068209024521,1.7222209611279014,1.7220425396906982,1.721408566711558,1.7201410463676319,1.7193085793955338,1.7185451412195445,1.7178729896354965,1.7171681984738896,1.7165566903331102,1.715786203363201,1.7150750524497775,1.7138762801716159,1.7135872289790124,1.9989052246936483,2.0017400888566805,2.0039511290623033,1.999253117175654,1.9999006978762717,2.0003477106646734,2.0008594668750157,2.001298970721458,2.0012188083471627,2.00085610511963,2.001293611675706,2.001550218502994,2.001698749242947,2.0018822362544104,2.0013577338604476,2.0275372432091463,2.0247583599934234,2.0183274997512513,2.0240332613869194,2.024952799407098,2.0237290530294567,2.0241146976886366,2.0232212508127696,2.023148362326067,2.023707657541314,2.0234134882045667,2.023733812786999,2.0237586066089355,2.0237670602195372,2.023341571613368,1.9012615238332602,1.6903833226143368,1.6172698055432062,1.7050737909763305,1.6444111022904553,1.6477560623492482,1.6488096083641852,1.648106833354182,1.64752855786799,1.6477313105882372,1.6456792319197149,1.6449853683298639,1.644142488220716,1.6408403367082776,1.6400860249810836,1.688036525246324
Rhodopic ELR,11.322563034336106,16.314576720881163,12.63019733876703,13.938135920195206,13.334570204755451,13.315414077406146,13.131222771031823,13.057083530848946,13.400209071520491,13.17548369009766,13.315727602037366,13.101280216248277,13.333369284193655,13.488082211840863,13.467906485630927,11.520399305554912,10.980181406755177,11.043218093098082,11.441847945269819,11.237737006562755,11.171293221348545,11.196585998709676,11.201385268219903,11.10494844013558,11.311455283472778,11.226519279747933,11.221024769495022,11.134373965219064,11.144702186155145,11.104006072032666,8.747958597946374,8.445854375731455,8.413805763569275,8.38526355941713,8.363399756430768,8.292553112194128,8.309487305508183,8.309725080464524,8.294694778088912,8.281647197157673,8.25647416466815,8.242737164158324,8.213088312802642,8.238981444465777,8.213965095864504,5.452483176829907,5.223764754539563,5.401751523378466,5.787509947901242,6.1582450593792215,6.454559384464808,6.568871306915078,6.610770065033,6.622198166723417,6.631259357080339,6.6422464908961345,6.640479083881902,6.639258535919913,6.635037585627873,6.635274756209749,1.9888019363749003,2.0386122846151777,2.0961771033024417,2.1073289189338436,2.4129520695815243,2.5622211969815667,2.6300323560391483,2.6627693064531344,2.6799265475868665,2.6890110106525733,2.6925017364818027,2.6952895176659593,2.6957384241784856,2.702182596029914,2.7014652491347553,1.1040311060348966,1.1143503440903757,1.1603375597878343,1.233870759935736,1.3561021594636637,1.441303061467183,1.4856662534627674,1.5081407734455472,1.5191678615863706,1.525779925873347,1.530437642877068,1.5341680802803386,1.5370674919469447,1.5429753782752913,1.5430754214474502,0.8004289625114651,0.8074756944014596,0.8086734924247031,0.8102632242051471,0.8105590850483032,0.8099515152491646,0.8081230374825543,0.8066216539715391,0.8054908068106461,0.804091388110689,0.8023674147256527,0.8009013228385186,0.7989319851838492,0.7969892620892581,0.7967536153088055,1.4409938923674988,0.21113501159279208,0.22213442071358322,0.22164622630694994,0.22216042275021247,0.22435714789739208,0.22529234880903592,0.22679084871729366,0.2278592800686169,0.22984966010324104,0.23051587287650363,0.2327609460824966,0.23363995056123607,0.2361958892099991,0.23652694235239713,0.03716796139948697,0.02852931259561485,0.027331793592562586,0.035577220894574775,0.03027981588254028,0.028778379233806772,0.028404124251204563,0.028064363598985998,0.028095330175698437,0.028369750533598404,0.028015682257259207,0.028464703472747134,0.027797419270126376,0.027647868410143953,0.028228029916340956,0.014706042307312867,0.020622697104948056,0.036694225279759754,0.0159653662544309,0.0136890175590678,0.015670455709865763,0.01983754726797074,0.01586334612324943,0.014434659416146741,0.015042252922816888,0.014535910878528738,0.013681710139167004,0.013655556512142312,0.013626417715998049,0.0138997347608008,2.6482709176725217,2.0598420546153657,1.8067185601371272,1.8633962893815619,1.6320228991608798,1.4326440842278063,1.3732194940539857,1.354990710030644,1.3343942471286785,1.338069250992318,1.3325733880139714,1.3354734195098708,1.3489912807835458,1.3351834208183295,1.3348088798962494,2.800161763005207
Melanopic ELR,14.092244710033903,20.60453333001189,15.825540635774864,17.53148150716451,16.762484251939853,16.72965991824365,16.482568190193035,16.372623232631515,16.811878575542327,16.506409122225143,16.678761776393912,16.388251566320733,16.678923236826737,16.868593453122898,16.842594415254833,14.059572753117687,13.349603138361507,13.430507347437135,13.92258027916353,13.66451054096312,13.579326605237181,13.612103252921035,13.619569733218041,13.496282511544258,13.75770556092011,13.650282134971437,13.644676009740971,13.536505403106693,13.549035101584,13.49864363839728,10.681387131284794,10.299395103887175,10.251745928604217,10.205651556307673,10.166000572014351,10.065701782911214,10.082890235397286,10.080330221825497,10.058306221616897,10.039723335854383,10.00491836748184,9.985021788493809,9.94455078038244,9.975319080178453,9.943501959280955,6.039476713894608,5.758167474740717,5.996996792221356,6.555614036622162,7.07669615353414,7.499694629682502,7.658442066165005,7.717088087739049,7.734342136684022,7.746908132183251,7.7602443355291415,7.757352402688024,7.75518713470524,7.7497366357454265,7.749784903826207,1.5860993937296644,1.6395797575280282,1.7034494409263754,1.716671976439083,2.0738864474260668,2.25614094709642,2.339970550651408,2.381066519187377,2.4028780653483084,2.4146316902388287,2.41972256483512,2.423992689354263,2.425535331504554,2.434757162378265,2.4345574400281675,0.6851054373453268,0.6954953921283138,0.7374382679127238,0.8069432979918133,0.9281817695611574,1.0163319368368058,1.0629880045217546,1.0869614538850922,1.099246592939013,1.1063351856124726,1.1118801904452853,1.116474912783987,1.1200219670620437,1.1272704446726869,1.1277478575572277,0.504425202564934,0.5169769465619695,0.5186891569061012,0.5200594966478215,0.5203058523834244,0.5196976976081285,0.5179328411903948,0.5165155276843374,0.5154846978660248,0.51418115520356,0.5126103447427117,0.5112858181069413,0.5093842552431426,0.5076162065495967,0.5074025379563207,1.1529772924419943,0.06740278811285075,0.0788458461851494,0.07805388895197653,0.07793069070574951,0.0792810890054561,0.07958728937776238,0.08057423947746935,0.0811395260651454,0.08268044329573195,0.08288357338278056,0.08465230600427608,0.08498749806760832,0.08676328857527434,0.08685191519105442,0.012182174054043468,0.004210500263088362,0.0037386017879950666,0.009867308242556662,0.00520919583629796,0.004173091294838633,0.0040909382829067255,0.0039811931269257824,0.004005857207641813,0.00414100393573936,0.004027517307871781,0.004720270805786407,0.004028210094417842,0.0039864325369215504,0.00432357044434099,0.004052532311340504,0.008865600111849356,0.02340008797994371,0.003878443184429477,0.0020631002354296684,0.0037762673472602234,0.00901855069566155,0.0037042158440621113,0.002235935544238388,0.003171174999360726,0.0026351454366978348,0.0018170491784830992,0.0018222277968085782,0.0018202540109091266,0.001949837219332686,2.963720314775567,2.061521663784397,1.6998095844784593,1.8836408666093858,1.5284624161913185,1.3178610119955914,1.2539777792317586,1.2341577612369494,1.2113713698194215,1.2172136980592392,1.2097182394294996,1.212959500269761,1.2281216115229991,1.2099307798601244,1.2089485344685533,2.8875761397262294
"CCT (K) - Ohno, 2013",N/A,N/A,N/A,N/A,N/A,N/A,N/A,N/A,N/A,N/A,N/A,N/A,N/A,N/A,N/A,N/A,N/A,N/A,N/A,N/A,N/A,N/A,N/A,N/A,N/A,N/A,N/A,N/A,N/A,N/A,N/A,N/A,N/A,N/A,N/A,N/A,N/A,N/A,N/A,N/A,N/A,N/A,N/A,N/A,N/A,N/A,N/A,N/A,N/A,N/A,N/A,N/A,N/A,N/A,N/A,N/A,N/A,N/A,N/A,N/A,N/A,N/A,N/A,N/A,N/A,N/A,N/A,N/A,N/A,N/A,N/A,N/A,N/A,N/A,N/A,N/A,N/A,N/A,N/A,N/A,N/A,N/A,N/A,N/A,N/A,N/A,N/A,N/A,N/A,N/A,N/A,N/A,N/A,N/A,N/A,N/A,N/A,N/A,N/A,N/A,N/A,N/A,N/A,N/A,N/A,N/A,1716.2871312819339,1729.0283532685633,1729.3268650387295,1732.7284061633839,1740.7671604277766,1745.4847234320032,1750.2989061546339,1754.2673010667463,1759.3731663904487,1762.7985297789903,1768.2725356963508,1772.3957339369765,1780.594377375157,1782.2497902857149,N/A,N/A,N/A,N/A,N/A,N/A,N/A,N/A,N/A,N/A,N/A,N/A,N/A,N/A,N/A,N/A,N/A,N/A,N/A,N/A,N/A,N/A,N/A,N/A,N/A,N/A,N/A,N/A,N/A,N/A,N/A,N/A,10632.471191563036,N/A,7938.203504140761,5937.17672767162,5392.378738458714,5330.243545720678,5185.146781233881,5236.061370547754,5233.566067408818,5280.3970800265315,5399.497215056783,5345.553195930539,5355.65984342669,N/A
"CCT (K) - Robertson, 1968",100000,100000,100000,100000,100000,100000,100000,100000,100000,100000,100000,100000,100000,100000,100000,100000,100000,100000,100000,100000,100000,100000,100000,100000,100000,100000,100000,100000,100000,100000,100000,100000,100000,100000,100000,100000,100000,100000,100000,100000,100000,100000,100000,100000,100000,100000,100000,100000,100000,100000,100000,100000,100000,100000,100000,100000,100000,100000,100000,100000,N/A,N/A,N/A,N/A,N/A,N/A,N/A,N/A,N/A,N/A,N/A,N/A,N/A,N/A,N/A,N/A,N/A,N/A,N/A,N/A,N/A,N/A,N/A,N/A,N/A,N/A,N/A,N/A,N/A,N/A,N/A,N/A,N/A,N/A,N/A,N/A,N/A,N/A,N/A,N/A,N/A,N/A,N/A,N/A,N/A,N/A,1716.3221595739271,1729.0216236672516,1729.3298723481557,1732.8350551450783,1740.7485139012413,1745.4759604714643,1750.3803380471677,1754.3367501653893,1759.260414089674,1762.7141390739625,1768.2968157793648,1772.3851753606455,1780.4867383001313,1782.1789655630591,1666.6666666666667,1666.6666666666667,1666.6666666666667,1666.6666666666667,1666.6666666666667,1666.6666666666667,1666.6666666666667,1666.6666666666667,1666.6666666666667,1666.6666666666667,1666.6666666666667,1666.6666666666667,1666.6666666666667,1666.6666666666667,1666.6666666666667,1666.6666666666667,1666.6666666666667,1666.6666666666667,1666.6666666666667,1666.6666666666667,1666.6666666666667,1666.6666666666667,1666.6666666666667,1666.6666666666667,1666.6666666666667,1666.6666666666667,1666.6666666666667,1666.6666666666667,1666.6666666666667,1666.6666666666667,100000,36618.52308761483,10635.357073389254,34752.716883455294,7937.726251850488,5935.863569611522,5391.027094680172,5328.8171954555255,5184.351805802587,5235.051566542999,5232.524980230133,5279.126977138585,5398.318905269869,5344.4161283170515,5354.2960391095285,100000
Colour Fidelity Index [Rf],N/A,N/A,N/A,N/A,N/A,N/A,N/A,N/A,N/A,N/A,N/A,N/A,N/A,N/A,N/A,N/A,N/A,N/A,N/A,N/A,N/A,N/A,N/A,N/A,N/A,N/A,N/A,N/A,N/A,N/A,N/A,N/A,N/A,N/A,N/A,N/A,N/A,N/A,N/A,N/A,N/A,N/A,N/A,N/A,N/A,N/A,N/A,N/A,N/A,N/A,N/A,N/A,N/A,N/A,N/A,N/A,N/A,N/A,N/A,N/A,N/A,N/A,N/A,N/A,N/A,N/A,N/A,N/A,N/A,N/A,N/A,N/A,N/A,N/A,N/A,N/A,N/A,N/A,N/A,N/A,N/A,N/A,N/A,N/A,N/A,N/A,N/A,N/A,N/A,N/A,N/A,N/A,N/A,N/A,N/A,N/A,N/A,N/A,N/A,N/A,N/A,N/A,N/A,N/A,N/A,N/A,11.987340871436896,44.94530435850767,44.43310208094022,43.173952945309885,44.14783323896206,43.8444206538605,44.16945219104542,43.91565572358634,44.91192121717975,44.72694633891102,45.67929171109617,45.45618052504346,46.241238493772066,45.90301615834768,N/A,N/A,N/A,N/A,N/A,N/A,N/A,N/A,N/A,N/A,N/A,N/A,N/A,N/A,N/A,N/A,N/A,N/A,N/A,N/A,N/A,N/A,N/A,N/A,N/A,N/A,N/A,N/A,N/A,N/A,N/A,N/A,86.61812056683901,N/A,85.50169592100718,90.77382565554215,92.35877707375734,93.48317395939648,94.17083530705362,94.38203361870472,95.01187319117926,95.13612665855757,95.22116168331561,96.0509566649445,96.17341325336119,N/A
Colour Rendering Index [Ra],-55.375,-72.625,-65.875,-69.75,-69,-68.875,-68.125,-67.625,-68.75,-67.875,-67.75,-67,-68,-67.375,-67.5,-52.25,-48.625,-49.375,-50.5,-50.625,-50.375,-50.375,-50.5,-50,-50.375,-50,-49.875,-49.25,-49.5,-49.25,-37.75,-35,-34.375,-34,-33.625,-32.625,-32.375,-32.5,-32.125,-32.125,-31.875,-31.625,-31.375,-31.875,-31.375,-27.375,-21.125,-23.125,-21.75,-21.75,-20.625,-21.125,-21.375,-21,-21,-20.875,-20.875,-20.75,-20.75,-20.75,N/A,N/A,N/A,N/A,N/A,N/A,N/A,N/A,N/A,N/A,N/A,N/A,N/A,N/A,N/A,N/A,N/A,N/A,N/A,N/A,N/A,N/A,N/A,N/A,N/A,N/A,N/A,N/A,N/A,N/A,N/A,N/A,N/A,N/A,N/A,N/A,N/A,N/A,N/A,N/A,N/A,N/A,N/A,N/A,N/A,N/A,32.5,34.25,34.375,34.375,34.625,35,35.125,35.125,35.75,35.75,35.875,36.125,36.5,36.625,-11.875,-21.625,-25.5,-13.375,-16.625,-18,-18.125,-18.75,-17.875,-16.5,-16.875,-15.5,-16,-15.75,-14.125,-33.375,-20.75,13.375,-23.5,-29.25,-24.25,-23,-22.5,-24.25,-25.75,-25.5,-28.25,-28.25,-28.125,-26.25,-51.375,45.5,88.75,51,77.5,83.75,86.375,88.375,89.5,89.875,91.375,91.75,91.875,94,94.375,80.875
CIE 1960 UCS [u],0.23967059417260597,0.2431518725859203,0.24185347611302727,0.24238368179438652,0.24242794789157443,0.24223274254279623,0.24207339843758838,0.2417593231996975,0.24186225299456676,0.24152515690406182,0.2415275262712211,0.2411901401099789,0.24115945077755815,0.24104556407620673,0.24101701069580225,0.215504905082979,0.2142132823715975,0.21595924941108532,0.21783770725586088,0.21944195470134203,0.2196487890088255,0.21968171268935513,0.21958972776405813,0.21929912113789216,0.21912309215465828,0.21887224283092685,0.21865012120223884,0.21848244948476628,0.21824579716240497,0.21827892589452405,0.154714595398438,0.15455793678046434,0.15474107660924785,0.1548470506839095,0.15481191402302233,0.15549419684653823,0.15560554175599273,0.15551412211838758,0.1554088485907919,0.15527314393727984,0.15507556794720645,0.15487502592998267,0.15468416634154145,0.15458465925682383,0.15464461660067524,0.06637090679649975,0.06964254172612488,0.07140067479266139,0.08632965052903464,0.0992430162613815,0.11253147360989293,0.11620635724016455,0.11767007501321888,0.1185582551807292,0.11904407083908089,0.11919424750698941,0.119263626381717,0.11939249546242253,0.11991348171749797,0.1198296194106707,0.04710912584920037,0.04408030688770781,0.042512244380270396,0.04256486129283529,0.03869823035239859,0.03854996534080113,0.0385315797347911,0.03870221960245302,0.0388230440443809,0.03890599975763445,0.03906835773698116,0.039286802492750204,0.03945984029210863,0.03966860445083249,0.03992440449899927,0.08991808108032101,0.09042303988859897,0.08673354142609509,0.08121432680431015,0.07400570696968223,0.07011035886097722,0.06825170167685025,0.06737833825316696,0.06717097328675041,0.06684236384371248,0.0668246416291069,0.06682701618042709,0.06685283961504393,0.06688726636603685,0.06701315242526602,0.18533552039495874,0.1881629841134208,0.18811361378936087,0.18791025098684136,0.18785618942777066,0.18787330481337264,0.1880745527436789,0.1882186037899169,0.18837140286663553,0.1885351070615449,0.18876457295606727,0.18894067568000553,0.18916232071101874,0.18938302553774405,0.18941242410342066,0.14740137867204967,0.3316117454164136,0.33025461760403557,0.33022046075373984,0.329842241199629,0.3289973942457624,0.32848948057517463,0.3279663825890832,0.32754551380431085,0.32702669502757553,0.32666269869616427,0.32607993650751965,0.32565329591145004,0.3248164127279175,0.3246412988758638,0.5282083817815546,0.5305951098888143,0.532102808685098,0.5285663644550901,0.5305400508665589,0.5315350550474012,0.5323694085694364,0.5330552444294654,0.5334007974163331,0.5336369061675339,0.5342930281958924,0.5348507407914046,0.5354231317798587,0.5358373382698124,0.53548738668051,0.587755511229719,0.5843188529463043,0.5781067417616957,0.5842747664854226,0.5851181285926236,0.5836894428719677,0.5833326613454315,0.5838488290849112,0.5839236025439523,0.5843473168071112,0.5842428355009955,0.584766144253727,0.5848742426579652,0.5849560598274958,0.5845636566130558,0.2605526250312043,0.20415592603005436,0.17720413309511304,0.21964851378911274,0.19928375911693272,0.21093139366439034,0.21438151691650123,0.21486802543271907,0.2156782204007386,0.21552867412572113,0.21471327810262034,0.21420829512404857,0.21290612566562347,0.21184002944199318,0.21144079401068921,0.16355963900435502
CIE 1976 UCS [u prime],0.23967059417260597,0.2431518725859203,0.24185347611302727,0.24238368179438652,0.24242794789157443,0.24223274254279623,0.24207339843758838,0.2417593231996975,0.24186225299456676,0.24152515690406182,0.2415275262712211,0.2411901401099789,0.24115945077755815,0.24104556407620673,0.24101701069580225,0.215504905082979,0.2142132823715975,0.21595924941108532,0.21783770725586088,0.21944195470134203,0.2196487890088255,0.21968171268935513,0.21958972776405813,0.21929912113789216,0.21912309215465828,0.21887224283092685,0.21865012120223884,0.21848244948476628,0.21824579716240497,0.21827892589452405,0.154714595398438,0.15455793678046434,0.15474107660924785,0.1548470506839095,0.15481191402302233,0.15549419684653823,0.15560554175599273,0.15551412211838758,0.1554088485907919,0.15527314393727984,0.15507556794720645,0.15487502592998267,0.15468416634154145,0.15458465925682383,0.15464461660067524,0.06637090679649975,0.06964254172612488,0.07140067479266139,0.08632965052903464,0.0992430162613815,0.11253147360989293,0.11620635724016455,0.11767007501321888,0.1185582551807292,0.11904407083908089,0.11919424750698941,0.119263626381717,0.11939249546242253,0.11991348171749797,0.1198296194106707,0.04710912584920037,0.04408030688770781,0.042512244380270396,0.04256486129283529,0.03869823035239859,0.03854996534080113,0.0385315797347911,0.03870221960245302,0.0388230440443809,0.03890599975763445,0.03906835773698116,0.039286802492750204,0.03945984029210863,0.03966860445083249,0.03992440449899927,0.08991808108032101,0.09042303988859897,0.08673354142609509,0.08121432680431015,0.07400570696968223,0.07011035886097722,0.06825170167685025,0.06737833825316696,0.06717097328675041,0.06684236384371248,0.0668246416291069,0.06682701618042709,0.06685283961504393,0.06688726636603685,0.06701315242526602,0.18533552039495874,0.1881629841134208,0.18811361378936087,0.18791025098684136,0.18785618942777066,0.18787330481337264,0.1880745527436789,0.1882186037899169,0.18837140286663553,0.1885351070615449,0.18876457295606727,0.18894067568000553,0.18916232071101874,0.18938302553774405,0.18941242410342066,0.14740137867204967,0.3316117454164136,0.33025461760403557,0.33022046075373984,0.329842241199629,0.3289973942457624,0.32848948057517463,0.3279663825890832,0.32754551380431085,0.32702669502757553,0.32666269869616427,0.32607993650751965,0.32565329591145004,0.3248164127279175,0.3246412988758638,0.5282083817815546,0.5305951098888143,0.532102808685098,0.5285663644550901,0.5305400508665589,0.5315350550474012,0.5323694085694364,0.5330552444294654,0.5334007974163331,0.5336369061675339,0.5342930281958924,0.5348507407914046,0.5354231317798587,0.5358373382698124,0.53548738668051,0.587755511229719,0.5843188529463043,0.5781067417616957,0.5842747664854226,0.5851181285926236,0.5836894428719677,0.5833326613454315,0.5838488290849112,0.5839236025439523,0.5843473168071112,0.5842428355009955,0.584766144253727,0.5848742426579652,0.5849560598274958,0.5845636566130558,0.2605526250312043,0.20415592603005436,0.17720413309511304,0.21964851378911274,0.19928375911693272,0.21093139366439034,0.21438151691650123,0.21486802543271907,0.2156782204007386,0.21552867412572113,0.21471327810262034,0.21420829512404857,0.21290612566562347,0.21184002944199318,0.21144079401068921,0.16355963900435502
CIE 1960 UCS [v],0.03702809137338516,0.025546955161806197,0.03304320570872962,0.029946871838034784,0.03128074600891201,0.03141579491033656,0.03191496366759376,0.03219307775078405,0.03141044419947052,0.03204550072715754,0.03179483019434475,0.03239499622046432,0.03190758499042659,0.031636853404011935,0.03167218718676037,0.05478170124875852,0.05706062871985012,0.05595376297402944,0.052752388719716804,0.05258386450153972,0.05264033084612005,0.05254081544462451,0.05256039395045384,0.053124802120345545,0.052356809356809815,0.05285939060676401,0.05304270853612467,0.05357957733884009,0.05360032164038445,0.05378731218378002,0.11284876956873305,0.11651028848531277,0.11673850175544231,0.11679247303901925,0.11700783244792372,0.1172024943152247,0.11687247872954816,0.11687853623636535,0.11710709061477928,0.1173493768169165,0.11778704513071042,0.1180433517498269,0.1185392579331478,0.11828346003752065,0.11856286187181637,0.24511143007679942,0.25144417785601575,0.24463031311934902,0.22042860164716266,0.19904214630695466,0.1805040690714942,0.17487171867375326,0.17277672086617696,0.1717752497461299,0.17112711708686257,0.17077532920256405,0.170699204567375,0.17052754263802247,0.1700552100005623,0.17011901389358217,0.38058194584651095,0.3793993957991085,0.37837334998694644,0.3781388169790621,0.37064167918372326,0.3655978291304484,0.3632315280110111,0.3618925613552236,0.36112874063562067,0.3606225495536882,0.3603718099599013,0.36004471646526864,0.3597946055694288,0.3592999219704146,0.35913797142695836,0.3875146260698737,0.38728126758005493,0.3873396156603995,0.38717551592550103,0.38645676315366634,0.38553478218274656,0.38490498639422194,0.38460298959737993,0.384353938029825,0.3843371138444856,0.3842119735599397,0.38408169993526303,0.38397075058826496,0.38379193680724205,0.38372229372194405,0.37780493708631024,0.37714761071170333,0.37683635751481137,0.37683985489569377,0.3767673643886738,0.37669353077214107,0.3767036319040514,0.3767126305459257,0.3766964056512676,0.3767119335586448,0.3766931940723004,0.3766763364284764,0.37671836794767105,0.3766954950258566,0.37669807546459605,0.33551182048409833,0.3666292735617413,0.3658360968489383,0.3658844966866713,0.3660118625405697,0.36603818361319235,0.36611055747565047,0.36614339578737676,0.36620259924661086,0.36619104139150077,0.36624230443025624,0.36623516812352036,0.36629700234382906,0.36632568749733596,0.3663674294163678,0.34685555836850707,0.3468985132494332,0.34676145226484173,0.34700160347994224,0.34691095867784316,0.3468194206079887,0.3467311661296956,0.3466680176948306,0.3466341255435,0.3466103477322608,0.34654514553818355,0.34646307080216016,0.34643200990763484,0.3463906151030673,0.3464123695266785,0.3410520790523728,0.34142184690150407,0.3409180550477018,0.3414832374313502,0.34145427077416063,0.341303383372097,0.34082553485891465,0.34155541547639756,0.34154283731417495,0.3415122802325981,0.34151319385002876,0.3415155000536015,0.341504141049365,0.3414945334465339,0.3415262048638183,0.20626005425071478,0.264197391295166,0.29687593368368287,0.26018461261240977,0.2990952368322505,0.3087843708302229,0.3132649061068922,0.3137904415816714,0.31541229007196836,0.3146963756492449,0.315517104625142,0.31521562131265246,0.31450244986141335,0.3163516114610145,0.31655864277995605,0.23516009506292943
CIE 1976 UCS [v prime],0.05554213706007775,0.03832043274270929,0.049564808563094434,0.044920307757052184,0.046921119013368005,0.047123692365504836,0.047872445501390644,0.04828961662617607,0.047115666299205786,0.048068251090736314,0.047692245291517124,0.04859249433069649,0.047861377485639886,0.047455280106017905,0.04750828078014055,0.08217255187313778,0.08559094307977518,0.08393064446104416,0.07912858307957521,0.07887579675230957,0.07896049626918007,0.07881122316693677,0.07884059092568076,0.0796872031805183,0.07853521403521474,0.07928908591014602,0.079564062804187,0.08036936600826013,0.08040048246057668,0.08068096827567003,0.16927315435309956,0.17476543272796913,0.1751077526331635,0.17518870955852886,0.17551174867188557,0.17580374147283703,0.17530871809432225,0.17531780435454805,0.1756606359221689,0.17602406522537475,0.17668056769606566,0.17706502762474036,0.1778088868997217,0.17742519005628096,0.17784429280772457,0.36766714511519905,0.3771662667840236,0.36694546967902353,0.33064290247074396,0.29856321946043196,0.2707561036072413,0.26230757801062987,0.2591650812992654,0.25766287461919485,0.25669067563029385,0.25616299380384605,0.2560488068510625,0.2557913139570337,0.25508281500084345,0.2551785208403733,0.5708729187697665,0.5690990936986627,0.5675600249804196,0.5672082254685932,0.5559625187755849,0.5483967436956727,0.5448472920165166,0.5428388420328354,0.541693110953431,0.5409338243305323,0.5405577149398519,0.540067074697903,0.5396919083541433,0.538949882955622,0.5387069571404376,0.5812719391048106,0.5809219013700824,0.5810094234905993,0.5807632738882516,0.5796851447304995,0.5783021732741198,0.577357479591333,0.5769044843960699,0.5765309070447374,0.5765056707667285,0.5763179603399095,0.5761225499028945,0.5759561258823974,0.575687905210863,0.5755834405829161,0.5667074056294654,0.565721416067555,0.5652545362722171,0.5652597823435406,0.5651510465830107,0.5650402961582116,0.5650554478560771,0.5650689458188886,0.5650446084769014,0.5650679003379672,0.5650397911084506,0.5650145046427146,0.5650775519215065,0.5650432425387849,0.5650471131968942,0.5032677307261475,0.5499439103426119,0.5487541452734075,0.5488267450300068,0.5490177938108546,0.5490572754197884,0.5491658362134757,0.5492150936810651,0.5493038988699163,0.5492865620872511,0.5493634566453843,0.5493527521852806,0.5494455035157436,0.5494885312460039,0.5495511441245516,0.5202833375527606,0.5203477698741498,0.5201421783972626,0.5205024052199134,0.5203664380167647,0.5202291309119831,0.5200967491945435,0.5200020265422459,0.51995118831525,0.5199155215983912,0.5198177183072754,0.5196946062032403,0.5196480148614522,0.519585922654601,0.5196185542900178,0.5115781185785592,0.512132770352256,0.5113770825715527,0.5122248561470253,0.5121814061612409,0.5119550750581454,0.5112383022883721,0.5123331232145963,0.5123142559712625,0.5122684203488971,0.5122697907750431,0.5122732500804023,0.5122562115740475,0.5122418001698009,0.5122893072957274,0.30939008137607216,0.3962960869427489,0.44531390052552433,0.39027691891861466,0.4486428552483757,0.4631765562453344,0.46989735916033837,0.4706856623725071,0.47311843510795254,0.47204456347386736,0.47327565693771295,0.47282343196897864,0.47175367479212,0.47452741719152175,0.4748379641699341,0.3527401425943941
Duv,N/A,N/A,N/A,N/A,N/A,N/A,N/A,N/A,N/A,N/A,N/A,N/A,N/A,N/A,N/A,N/A,N/A,N/A,N/A,N/A,N/A,N/A,N/A,N/A,N/A,N/A,N/A,N/A,N/A,N/A,N/A,N/A,N/A,N/A,N/A,N/A,N/A,N/A,N/A,N/A,N/A,N/A,N/A,N/A,N/A,N/A,N/A,N/A,N/A,N/A,N/A,N/A,N/A,N/A,N/A,N/A,N/A,N/A,N/A,N/A,0.16737908828971723,0.16946543139201511,0.17035859710290885,0.17020154499956017,0.170200995294408,0.16812440110691063,0.1671292658211043,0.1664090332883378,0.16597885896671016,0.16569196344218515,0.16543983738029433,0.16510502696252896,0.1648436685850044,0.16444842826764425,0.16414851448203002,0.1347851784986949,0.13423836268588932,0.137288883234888,0.14174373827044662,0.1473500168280601,0.15012709125239024,0.1513625772100654,0.15194302386556602,0.15198745404376582,0.15225775454118162,0.15220685060428163,0.15213620933377986,0.15205584456413143,0.15193249261888775,0.15178879537142093,0.05852093662462261,0.05629173532657433,0.056072018926364375,0.05619679319416841,0.056171284365029994,0.056101976319718305,0.055989228765885274,0.05591005116874827,0.0558055259882682,0.05572000532438259,0.05556784670473587,0.055449211056878084,0.05535084838122706,0.05520097880171622,0.05518557014525269,0.058065804585593433,0.006194038614238284,0.00542903676767148,0.0054781315015102194,0.005614398326665437,0.005663778331487901,0.005746181542635398,0.005792909231637111,0.005865251447256359,0.005868693900940691,0.005928927770790349,0.00593963214414428,0.006019339810543922,0.006071201081832456,0.006118582628009683,N/A,N/A,N/A,N/A,N/A,N/A,N/A,N/A,N/A,N/A,N/A,N/A,N/A,N/A,N/A,N/A,N/A,N/A,N/A,N/A,N/A,N/A,N/A,N/A,N/A,N/A,N/A,N/A,N/A,N/A,N/A,N/A,0.01340972227936943,N/A,-0.005190360680210088,-0.009283430004951243,-0.008973979125940473,-0.008974828404802376,-0.008446133572663439,-0.008834217809509992,-0.007677700440663737,-0.007518912501726649,-0.007050048061231218,-0.0050131046185004635,-0.004580055509677938,N/A
"TM30 - CCT (K) - Ohno, 2013",0,0,0,0,0,0,0,0,0,0,0,0,0,0,0,0,0,0,0,0,0,0,0,0,0,0,0,0,0,0,0,0,0,0,0,0,0,0,0,0,0,0,0,0,0,0,0,0,0,0,0,0,0,0,0,0,0,0,0,0,N/A,N/A,N/A,N/A,N/A,N/A,N/A,N/A,N/A,N/A,N/A,N/A,N/A,N/A,N/A,N/A,N/A,N/A,N/A,N/A,N/A,N/A,N/A,N/A,N/A,N/A,N/A,N/A,N/A,N/A,N/A,N/A,N/A,N/A,N/A,N/A,N/A,N/A,N/A,N/A,N/A,N/A,N/A,N/A,N/A,N/A,1716.3968880570835,1729.046902955698,1729.352566194672,1732.8423752232313,1740.729340972788,1745.4837963703342,1750.4116844563937,1754.3871609600135,1759.3275197704545,1762.7949462673719,1768.3874017621638,1772.4840111695137,1780.5938682674284,1782.2803162939954,0,0,0,0,0,0,0,0,0,0,0,0,0,0,0,0,0,0,0,0,0,0,0,0,0,0,0,0,0,0,0,36538.77446828903,10632.900217148128,34717.52785227825,7938.2458666829825,5937.135051920758,5392.550410979744,5330.280027744014,5185.3784227784645,5236.277568967216,5233.736160509136,5280.461539195025,5399.8157427917695,5345.865121509183,5355.765058398815,0
TM30 - Duv,0,0,0,0,0,0,0,0,0,0,0,0,0,0,0,0,0,0,0,0,0,0,0,0,0,0,0,0,0,0,0,0,0,0,0,0,0,0,0,0,0,0,0,0,0,0,0,0,0,0,0,0,0,0,0,0,0,0,0,0,0.16737909203975562,0.16946544160084503,0.17035859677432405,0.17020154905352736,0.17020098846649984,0.16812439721007896,0.1671292711953162,0.16640902745724392,0.1659788652624077,0.1656919628610408,0.16543984037506956,0.16510503326406345,0.16484366266401523,0.16444842951150096,0.16414851658555105,0.13478517975020174,0.1342383600213483,0.1372888655494065,0.1417437459182949,0.14735001023409774,0.15012710051402642,0.1513625921908411,0.15194302674158225,0.151987465814051,0.1522577398356987,0.15220683732005866,0.1521361987375378,0.15205583593550567,0.1519324882967006,0.15178879036955603,0.05852099857172935,0.05629174122071692,0.0560720545166057,0.056196844228592,0.05617134182426678,0.056102037816458505,0.055989275628123655,0.05591008571274235,0.05580554486302833,0.05572000646454728,0.05556782336314145,0.05544917247745006,0.055350789087182356,0.055201045119539716,0.05518563546757198,0.05806581831655629,0.006193902191572231,0.0054291757151720965,0.0054783247064214,0.00561425142507499,0.005660845235365475,0.005746099953594985,0.0057927917531244155,0.005863563332854316,0.005866815846236051,0.005928807977265915,0.005939465768037611,0.006014779623478628,0.006071134771497455,0.006118832100209026,0,0,0,0,0,0,0,0,0,0,0,0,0,0,0,0,0,0,0,0,0,0,0,0,0,0,0,0,0,0,0,-0.023143427111760113,0.013409687399981038,-0.03914359964367778,-0.005190436379947927,-0.009283433805834712,-0.008974102045050614,-0.00897490041465146,-0.008446283308498725,-0.008834357410082594,-0.007677847927176518,-0.007519021143394755,-0.007050218852772405,-0.005013303455063678,-0.004579715515948712,0
TM30 - Colour Fidelity Index [Rf],N/A,N/A,N/A,N/A,N/A,N/A,N/A,N/A,N/A,N/A,N/A,N/A,N/A,N/A,N/A,N/A,N/A,N/A,N/A,N/A,N/A,N/A,N/A,N/A,N/A,N/A,N/A,N/A,N/A,N/A,N/A,N/A,N/A,N/A,N/A,N/A,N/A,N/A,N/A,N/A,N/A,N/A,N/A,N/A,N/A,N/A,N/A,N/A,N/A,N/A,N/A,N/A,N/A,N/A,N/A,N/A,N/A,N/A,N/A,N/A,N/A,N/A,N/A,N/A,N/A,N/A,N/A,N/A,N/A,N/A,N/A,N/A,N/A,N/A,N/A,N/A,N/A,N/A,N/A,N/A,N/A,N/A,N/A,N/A,N/A,N/A,N/A,N/A,N/A,N/A,N/A,N/A,N/A,N/A,N/A,N/A,N/A,N/A,N/A,N/A,N/A,N/A,N/A,N/A,N/A,N/A,11.984268540439123,44.94371102788045,44.43123998485976,43.17083278127481,44.146829619344615,43.84294229137248,44.16643934673032,43.912482332068606,44.91104965444015,44.72549715422911,45.676384725647466,45.453584267483684,46.239816673544254,45.90118053582499,N/A,N/A,N/A,N/A,N/A,N/A,N/A,N/A,N/A,N/A,N/A,N/A,N/A,N/A,N/A,N/A,N/A,N/A,N/A,N/A,N/A,N/A,N/A,N/A,N/A,N/A,N/A,N/A,N/A,N/A,N/A,66.49015443959605,86.61811739280867,68.89804818882277,85.5016212497107,90.77379694652782,92.35837382742545,93.48302217975855,94.17028654718413,94.38143097529108,95.0112751782023,95.1357782667576,95.22003539012603,96.04967844207962,96.17279845167752,N/A
TM30 - Gamut Index (Rg),N/A,N/A,N/A,N/A,N/A,N/A,N/A,N/A,N/A,N/A,N/A,N/A,N/A,N/A,N/A,N/A,N/A,N/A,N/A,N/A,N/A,N/A,N/A,N/A,N/A,N/A,N/A,N/A,N/A,N/A,N/A,N/A,N/A,N/A,N/A,N/A,N/A,N/A,N/A,N/A,N/A,N/A,N/A,N/A,N/A,N/A,N/A,N/A,N/A,N/A,N/A,N/A,N/A,N/A,N/A,N/A,N/A,N/A,N/A,N/A,N/A,N/A,N/A,N/A,N/A,N/A,N/A,N/A,N/A,N/A,N/A,N/A,N/A,N/A,N/A,N/A,N/A,N/A,N/A,N/A,N/A,N/A,N/A,N/A,N/A,N/A,N/A,N/A,N/A,N/A,N/A,N/A,N/A,N/A,N/A,N/A,N/A,N/A,N/A,N/A,N/A,N/A,N/A,N/A,N/A,N/A,4.285020379632412,45.542255203117,44.78741228948913,42.737807961622934,43.95592262929372,43.27025947066572,43.69340111081715,43.29916014192457,44.61656533539924,44.3330161047041,45.599542437621196,45.11789053902753,46.15340240424149,45.66208423308005,N/A,N/A,N/A,N/A,N/A,N/A,N/A,N/A,N/A,N/A,N/A,N/A,N/A,N/A,N/A,N/A,N/A,N/A,N/A,N/A,N/A,N/A,N/A,N/A,N/A,N/A,N/A,N/A,N/A,N/A,N/A,120.17424064228477,101.43126380103263,121.00001004347453,110.18191797311493,108.461600794371,106.96686086935483,106.42523701795241,105.74291280553241,105.56284493846422,104.83529268633743,104.69502060591067,104.32246029003262,103.1370510694015,102.89378784690895,N/A
"TM30 - Rcs, h1",N/A,N/A,N/A,N/A,N/A,N/A,N/A,N/A,N/A,N/A,N/A,N/A,N/A,N/A,N/A,N/A,N/A,N/A,N/A,N/A,N/A,N/A,N/A,N/A,N/A,N/A,N/A,N/A,N/A,N/A,N/A,N/A,N/A,N/A,N/A,N/A,N/A,N/A,N/A,N/A,N/A,N/A,N/A,N/A,N/A,N/A,N/A,N/A,N/A,N/A,N/A,N/A,N/A,N/A,N/A,N/A,N/A,N/A,N/A,N/A,N/A,N/A,N/A,N/A,N/A,N/A,N/A,N/A,N/A,N/A,N/A,N/A,N/A,N/A,N/A,N/A,N/A,N/A,N/A,N/A,N/A,N/A,N/A,N/A,N/A,N/A,N/A,N/A,N/A,N/A,N/A,N/A,N/A,N/A,N/A,N/A,N/A,N/A,N/A,N/A,N/A,N/A,N/A,N/A,N/A,N/A,-0.33722328209225627,-0.3316876080529378,-0.33148450142015173,-0.33066202711721193,-0.3285525195994903,-0.32738430718226,-0.32621693658394646,-0.32495271343816245,-0.3234366043823505,-0.322561961188981,-0.32107585104712755,-0.31986458343581287,-0.3180669214456356,-0.317673405451764,N/A,N/A,N/A,N/A,N/A,N/A,N/A,N/A,N/A,N/A,N/A,N/A,N/A,N/A,N/A,N/A,N/A,N/A,N/A,N/A,N/A,N/A,N/A,N/A,N/A,N/A,N/A,N/A,N/A,N/A,N/A,0.39431195063455415,0.13758169831108857,0.3195411296555062,0.151970977247576,0.08738388877644944,0.06528251097442286,0.051295490219722906,0.043442744978021086,0.0413387333431951,0.034723931947399894,0.033992468609007405,0.03318577252956264,0.021611034770599915,0.019599055512610503,N/A
"TM30 - Rf, h1",N/A,N/A,N/A,N/A,N/A,N/A,N/A,N/A,N/A,N/A,N/A,N/A,N/A,N/A,N/A,N/A,N/A,N/A,N/A,N/A,N/A,N/A,N/A,N/A,N/A,N/A,N/A,N/A,N/A,N/A,N/A,N/A,N/A,N/A,N/A,N/A,N/A,N/A,N/A,N/A,N/A,N/A,N/A,N/A,N/A,N/A,N/A,N/A,N/A,N/A,N/A,N/A,N/A,N/A,N/A,N/A,N/A,N/A,N/A,N/A,N/A,N/A,N/A,N/A,N/A,N/A,N/A,N/A,N/A,N/A,N/A,N/A,N/A,N/A,N/A,N/A,N/A,N/A,N/A,N/A,N/A,N/A,N/A,N/A,N/A,N/A,N/A,N/A,N/A,N/A,N/A,N/A,N/A,N/A,N/A,N/A,N/A,N/A,N/A,N/A,N/A,N/A,N/A,N/A,N/A,N/A,24.883764128247105,33.15170898521543,33.022385438676295,32.72529096423023,33.23010188426195,33.317195289154064,33.58985551055314,33.73821794361359,34.257946601931366,34.337143897212066,34.84795889346772,34.98171796721565,35.49317590587475,35.47821260206607,N/A,N/A,N/A,N/A,N/A,N/A,N/A,N/A,N/A,N/A,N/A,N/A,N/A,N/A,N/A,N/A,N/A,N/A,N/A,N/A,N/A,N/A,N/A,N/A,N/A,N/A,N/A,N/A,N/A,N/A,N/A,32.856178083880195,76.23063501546802,42.08083514474847,72.6381835542206,83.34547834869655,87.11250277298694,89.58086489132339,90.95215618087396,91.2165375756124,92.3824315707806,92.48539995418184,92.53643439011307,94.4362269893713,94.7383099679561,N/A